backend/cmd/server/main.go	c635b0bed607d01f400cc7463586f60f58c2c1ca565ba7fdde1d3b4191150f2e	reviewed	Read server wiring, startup gate, shutdown ownership, static frontend dispatch, private socket identity/lock lifecycle and regression tests.
backend/cmd/server/main_test.go	9237440f806578b26108965e09159434f068946301b7bfaf8268182e33c1f12c	reviewed	Read server wiring, startup gate, shutdown ownership, static frontend dispatch, private socket identity/lock lifecycle and regression tests.
backend/internal/adminclient/__tests__/decimal_validation_test.go	708fcc00662d6da009251c789ee55e3eaf76fa2b11aca680f43412dc3cb2c6f1	fixed	Probe errors redacted; external billing/probe/write decimals now use bounded decimalutil.Parse; invalid-notation regressions failed before and all adminclient race tests pass.
backend/internal/adminclient/__tests__/evidence_identity_test.go	2a00cc43a451a8ad43a3eea7b05bec02535bffb81d0ad1df3e5f0864a5895636	reviewed	Full review: client paging and stable IDs, evidence enrichment, exact-price contracts, mutation retry semantics and create reconciliation; complete regression fixtures read.
backend/internal/adminclient/__tests__/probe_errors_test.go	1f8627e1ffc21d085af1f858f8171b47aedc59fa01798475fc5867e09ee4ed54	fixed	Multiplier-probe error branches now redact upstream credentials and bound diagnostic length; regression failed before fix and adminclient race tests passed.
backend/internal/adminclient/__tests__/response_benchmark_test.go	f476d27df3abca4975977cfd0148b18cb06c493d6ebf196ea8dc31b3183935c4	reviewed	Full review: client paging and stable IDs, evidence enrichment, exact-price contracts, mutation retry semantics and create reconciliation; complete regression fixtures read.
backend/internal/adminclient/client.go	97b679e05019016c27fb66926f1c077d6f8982a45111fb1a8599b728d10f0989	fixed	Probe errors redacted; external billing/probe/write decimals now use bounded decimalutil.Parse; invalid-notation regressions failed before and all adminclient race tests pass.
backend/internal/adminclient/client_test.go	e57d16434296741ef198c5c8736062d7ef54f6244f57130ef248ca7ca68704cd	reviewed	Full review: client paging and stable IDs, evidence enrichment, exact-price contracts, mutation retry semantics and create reconciliation; complete regression fixtures read.
backend/internal/adminclient/model_pricing.go	06a9bb2db2a345449a72d66d4e4abe2477f28173054241d7b50d8aa0624fe453	reviewed	Full review: client paging and stable IDs, evidence enrichment, exact-price contracts, mutation retry semantics and create reconciliation; complete regression fixtures read.
backend/internal/adminclient/model_pricing_test.go	a23bc5778450ea29dbab1c9f381a453d08e0dfc18aea6ccac47f3942ff14c5a7	reviewed	Full review: client paging and stable IDs, evidence enrichment, exact-price contracts, mutation retry semantics and create reconciliation; complete regression fixtures read.
backend/internal/adminclient/request_latency.go	29b442f9f38edb83c9a1599b2b994033c1b9eebe2b562fe10657eac4d5ac2272	reviewed	Full review: client paging and stable IDs, evidence enrichment, exact-price contracts, mutation retry semantics and create reconciliation; complete regression fixtures read.
backend/internal/adminclient/stable_identity_test.go	0915b98127f25a6d42c4233ed3f0d2a7cf2f4610d44c0aa94ccca5347fdc8cc4	reviewed	Full review: client paging and stable IDs, evidence enrichment, exact-price contracts, mutation retry semantics and create reconciliation; complete regression fixtures read.
backend/internal/api/__tests__/account_workbench_checkpoints_test.go	04ab51d3adde2d59c5c453c3394d5695c484ba64a47e985ef472682614e8a995	reviewed	逐行审查 API 路由鉴权、稳定 ID 与请求校验、私有数据返回、任务和 SSE 生命周期及对应测试；确认待修复的工作台会话与部分 JSON 解码入口问题
backend/internal/api/__tests__/account_workbench_cleanup_test.go	c67cfb67424fe4d8cdb9193856eb7306a3e4a1a2fd8eb6ee6ddbb1f98ab9e58f	reviewed	逐行审查 API 路由鉴权、稳定 ID 与请求校验、私有数据返回、任务和 SSE 生命周期及对应测试；确认待修复的工作台会话与部分 JSON 解码入口问题
backend/internal/api/__tests__/account_workbench_controls_test.go	82c512a3c962f66d6336e4521c858cd32a1c130373cc2428fe699285bfd4c0d7	reviewed	逐行审查 API 路由鉴权、稳定 ID 与请求校验、私有数据返回、任务和 SSE 生命周期及对应测试；确认待修复的工作台会话与部分 JSON 解码入口问题
backend/internal/api/__tests__/account_workbench_conversion_test.go	e176186c8db7920632bd8a9bb4dcc219c892d7e984d057d7477c73b3f101834f	reviewed	逐行审查 API 路由鉴权、稳定 ID 与请求校验、私有数据返回、任务和 SSE 生命周期及对应测试；确认待修复的工作台会话与部分 JSON 解码入口问题
backend/internal/api/__tests__/account_workbench_local_export_test.go	b7a51345f4e07934dd4a248dbee054db9c2088911ff4a84dbcb9596b10de6971	reviewed	Read current source-profile API handlers and complete server; owner-session, no-store and strict request binding verified
backend/internal/api/__tests__/account_workbench_local_setup_test.go	a8c229d1def95fb567f2f2e5f08da6e9e2168a961330bdd694b2db6393f39dcc	reviewed	Re-reviewed route wiring, explicit local export initialization, credential-free response and authenticated mixed queue restore contracts.
backend/internal/api/__tests__/account_workbench_mixed_test.go	57db4b8a7f436d88c26a0ec6e78204a99246d8e84607788c2745dc000544f775	reviewed	Read full authenticated queue/mixed API regressions; verifies strict revision/confirmation and no-store using isolated router/database.
backend/internal/api/__tests__/account_workbench_oauth_sms_test.go	34f2b3e408e481d3d36301e8a58aec8583f28abd8fb7b5046e6b8aa25799ed23	reviewed	Read complete scope/authenticated SMS attachment and checkpoint-security API with strict JSON; stable checkpoint ID and revision delegated to domain. New SMS API test verifies anonymous/missing source/invalid JSON and no-store.
backend/internal/api/__tests__/account_workbench_profile_export_test.go	2cad3fd9b0a7fd959e3a49f2cf047389e9b86d787764cac700cc66918068d945	reviewed	逐行审查 API 路由鉴权、稳定 ID 与请求校验、私有数据返回、任务和 SSE 生命周期及对应测试；确认待修复的工作台会话与部分 JSON 解码入口问题
backend/internal/api/__tests__/account_workbench_queues_test.go	a1b9f35843e5363bfe38993228fab0809d01fde560413c5353f9b8cdd27ea6e5	reviewed	Read full authenticated queue/mixed API regressions; verifies strict revision/confirmation and no-store using isolated router/database.
backend/internal/api/__tests__/account_workbench_regenerate_test.go	b0894002747954f261ffe7408e9490fef9339c2035769990fb11ef9dd1e3450d	reviewed	Read current source-profile API handlers and complete server; owner-session, no-store and strict request binding verified
backend/internal/api/__tests__/account_workbench_security_source_test.go	9eec692a42ebf2a58486aa18e21526d8edd6ff58cb04cdcce0dd1c42c2018ea4	reviewed	Read complete source/checkpoint API regressions: owner authentication, no-store missing source responses, and rejection of unconfirmed checkpoint transfer/identity confirmation/fresh OAuth actions.
backend/internal/api/__tests__/account_workbench_sms_receipts_test.go	c3927d66cb3f717f2e0b69f586c7646c732f647a0896769925520d959c5378aa	fixed	回归已验证：有效登录会话校验；严格JSON拒绝尾部/未知字段/错误内容类型；评分配置每次响应只解析一次；短信订单按范围隔离查询
backend/internal/api/__tests__/account_workbench_source_profiles_test.go	f3569ed19e968cd7d6feeec9482dbc068c2a99b96c72aa812023b587b72099fb	reviewed	Read complete source-profile API tests; session/no-store/scope/input contracts; source-profile API race passed 9.613s and vet passed
backend/internal/api/__tests__/account_workbench_test.go	2c32977f04a9da9416a7f91b0943c1b722ecd83046c011543b37b70c908da565	reviewed	Re-reviewed route wiring, explicit local export initialization, credential-free response and authenticated mixed queue restore contracts.
backend/internal/api/__tests__/browser_requests_test.go	b990c516fbc149bdfbecb6c3f17cdffd2621a246a35559c56dba832fa92f976c	fixed	回归已验证：有效登录会话校验；严格JSON拒绝尾部/未知字段/错误内容类型；评分配置每次响应只解析一次；短信订单按范围隔离查询
backend/internal/api/__tests__/dictionary_requests_test.go	d89f50f62ee8d645430f9f90387d6a92ef272803d087153bd348717029f099de	fixed	回归已验证：有效登录会话校验；严格JSON拒绝尾部/未知字段/错误内容类型；评分配置每次响应只解析一次；短信订单按范围隔离查询
backend/internal/api/__tests__/pricing_minimum_test.go	dd90ed9abc066bb4f65cfa04cbf701f6561d91f50b80e9f28895c84ef585a6bb	reviewed	逐行审查 API 路由鉴权、稳定 ID 与请求校验、私有数据返回、任务和 SSE 生命周期及对应测试；确认待修复的工作台会话与部分 JSON 解码入口问题
backend/internal/api/__tests__/workbench_session_test.go	a97c38fd82053088058a99963fbaa1fcaa1bc753ddc3314791cbd9e4b4f38bd4	fixed	回归已验证：有效登录会话校验；严格JSON拒绝尾部/未知字段/错误内容类型；评分配置每次响应只解析一次；短信订单按范围隔离查询
backend/internal/api/account_results_events.go	3406cbf8e336cba4e311a1b4bb70720e2c266cce7647af9a4acc149d29f3f565	reviewed	逐行审查 API 路由鉴权、稳定 ID 与请求校验、私有数据返回、任务和 SSE 生命周期及对应测试；确认待修复的工作台会话与部分 JSON 解码入口问题
backend/internal/api/account_results_events_test.go	8a9e5500c34001d85ecca05badd315856cd8dcf1306e8929550d104d25f99287	reviewed	逐行审查 API 路由鉴权、稳定 ID 与请求校验、私有数据返回、任务和 SSE 生命周期及对应测试；确认待修复的工作台会话与部分 JSON 解码入口问题
backend/internal/api/account_workbench.go	ca0771989b030e2bd79275ffea7ebaafdb586d38653ce521aedb1e972de16d97	fixed	回归已验证：有效登录会话校验；严格JSON拒绝尾部/未知字段/错误内容类型；评分配置每次响应只解析一次；短信订单按范围隔离查询
backend/internal/api/account_workbench_batch.go	a4f7db03a4a3e770bc61e16d9ecaf9d7f003bc2e2b32ebd04de0fbed2f2976ab	reviewed	逐行审查 API 路由鉴权、稳定 ID 与请求校验、私有数据返回、任务和 SSE 生命周期及对应测试；确认待修复的工作台会话与部分 JSON 解码入口问题
backend/internal/api/account_workbench_checkpoints.go	7f9ecf0683cda68adfd994c93af9627b4368dcc05a0964972c5bc8ee7da728ee	reviewed	逐行审查 API 路由鉴权、稳定 ID 与请求校验、私有数据返回、任务和 SSE 生命周期及对应测试；确认待修复的工作台会话与部分 JSON 解码入口问题
backend/internal/api/account_workbench_cleanup.go	b1fae9f7983fb34e7a3d4a2ebe63d3b9010c6a5d5605490fb6d684333f8f29ff	reviewed	逐行审查 API 路由鉴权、稳定 ID 与请求校验、私有数据返回、任务和 SSE 生命周期及对应测试；确认待修复的工作台会话与部分 JSON 解码入口问题
backend/internal/api/account_workbench_export.go	d0178d77cf8c5f34639113061cf54b8c44197d931e34bd5e91ca3b35f9540824	reviewed	逐行审查 API 路由鉴权、稳定 ID 与请求校验、私有数据返回、任务和 SSE 生命周期及对应测试；确认待修复的工作台会话与部分 JSON 解码入口问题
backend/internal/api/account_workbench_history.go	051d24cab021bb7b8e72cd03412820a6518b8415793aae42567731a8ca4bebcb	reviewed	逐行审查 API 路由鉴权、稳定 ID 与请求校验、私有数据返回、任务和 SSE 生命周期及对应测试；确认待修复的工作台会话与部分 JSON 解码入口问题
backend/internal/api/account_workbench_local_exports.go	a05990f2235a960bc5f641b129f9894cd4828a972ce1873f82759cc2e137cda1	reviewed	逐行审查 API 路由鉴权、稳定 ID 与请求校验、私有数据返回、任务和 SSE 生命周期及对应测试；确认待修复的工作台会话与部分 JSON 解码入口问题
backend/internal/api/account_workbench_maintenance_auth.go	c2bac5d1155ae442102e19e0df12d3cd003a4039ad1746b1e93fdd2da08f563d	reviewed	逐行审查 API 路由鉴权、稳定 ID 与请求校验、私有数据返回、任务和 SSE 生命周期及对应测试；确认待修复的工作台会话与部分 JSON 解码入口问题
backend/internal/api/account_workbench_mixed.go	134fa1c474f6750c08561f5c8087448dfede0e1a63e305972ee114493aa6e53d	reviewed	逐行审查 API 路由鉴权、稳定 ID 与请求校验、私有数据返回、任务和 SSE 生命周期及对应测试；确认待修复的工作台会话与部分 JSON 解码入口问题
backend/internal/api/account_workbench_mixed_queue.go	92ecc95650180579a0fa74c872cfdce2987c45ca9eebac43a1a34f283ce1ca59	reviewed	Re-reviewed route wiring, explicit local export initialization, credential-free response and authenticated mixed queue restore contracts.
backend/internal/api/account_workbench_oauth.go	be707c7cdb90e6df080decd92c6acbe1d67904f38c03c45f440b9e89667abf8a	reviewed	逐行审查 API 路由鉴权、稳定 ID 与请求校验、私有数据返回、任务和 SSE 生命周期及对应测试；确认待修复的工作台会话与部分 JSON 解码入口问题
backend/internal/api/account_workbench_oauth_sms.go	37cdf35903890ae5c7c58e2e2ce240254e304b4bb2a2f5c7e4ea421cf36adc43	reviewed	Read complete authenticated SMS attachment read/write API; strict JSON input and scope are delegated to owner-bound workbench service; no secret response fields.
backend/internal/api/account_workbench_profile_export.go	204fff01e211e43d4f32afa6f81d1af346257840c4c4c54a5ad43189e13378bc	reviewed	逐行审查 API 路由鉴权、稳定 ID 与请求校验、私有数据返回、任务和 SSE 生命周期及对应测试；确认待修复的工作台会话与部分 JSON 解码入口问题
backend/internal/api/account_workbench_profiles.go	29e912e4a39ba6d3cf341d5863005de98968d9cc4172f028e60e56b20b4ddea7	reviewed	逐行审查 API 路由鉴权、稳定 ID 与请求校验、私有数据返回、任务和 SSE 生命周期及对应测试；确认待修复的工作台会话与部分 JSON 解码入口问题
backend/internal/api/account_workbench_queues.go	d5c121ae83737c889e43bfe0b2ff28636a773d1db324df3d627b76625d0b3bfd	reviewed	逐行审查 API 路由鉴权、稳定 ID 与请求校验、私有数据返回、任务和 SSE 生命周期及对应测试；确认待修复的工作台会话与部分 JSON 解码入口问题
backend/internal/api/account_workbench_regenerate.go	2d154a94e4108190aa0670bd995f7e38a8c33873835f2cd566a0692ff956df39	reviewed	逐行审查 API 路由鉴权、稳定 ID 与请求校验、私有数据返回、任务和 SSE 生命周期及对应测试；确认待修复的工作台会话与部分 JSON 解码入口问题
backend/internal/api/account_workbench_security.go	a1b51fd779a4dbbc068d6b8bf8ee112b9d6aaa46ffbc1de000b2868f80a6eebe	reviewed	复审受登录会话保护且no-store的安全来源API；逐读新API来源鉴权回归；server仅新增对应授权GET路由。
backend/internal/api/account_workbench_security_batch.go	4474b386f824b801b19b19cc0c262c913af9303833bf2fddb78be74ca9ea8c4e	reviewed	逐行审查 API 路由鉴权、稳定 ID 与请求校验、私有数据返回、任务和 SSE 生命周期及对应测试；确认待修复的工作台会话与部分 JSON 解码入口问题
backend/internal/api/account_workbench_security_checkpoint.go	2fd011b8a296fcf920cdebc945b6f458cbbc2baf0a642ba3451db30420cf60ac	reviewed	Read complete scope/authenticated SMS attachment and checkpoint-security API with strict JSON; stable checkpoint ID and revision delegated to domain. New SMS API test verifies anonymous/missing source/invalid JSON and no-store.
backend/internal/api/account_workbench_sms_receipts.go	c476c673625638437eb0f61a4714340e6e896656e7adc611595093cc33e1278b	fixed	回归已验证：有效登录会话校验；严格JSON拒绝尾部/未知字段/错误内容类型；评分配置每次响应只解析一次；短信订单按范围隔离查询
backend/internal/api/account_workbench_source_profiles.go	00db6f555e8c3769ba7d1cc880ad4458ba1651032f9dc94477db3298604235ca	reviewed	Read current source-profile API handlers and complete server; owner-session, no-store and strict request binding verified
backend/internal/api/batch_probe_test.go	1b586361e15f04cdd38679511cd48727f9924aceb1c2191ae993a6b190a3da93	reviewed	逐行审查 API 路由鉴权、稳定 ID 与请求校验、私有数据返回、任务和 SSE 生命周期及对应测试；确认待修复的工作台会话与部分 JSON 解码入口问题
backend/internal/api/browser_login.go	b30fe2cd19b2302f840d42e0300e922f6938a19efd87b4bcb07ea8657419d193	fixed	回归已验证：有效登录会话校验；严格JSON拒绝尾部/未知字段/错误内容类型；评分配置每次响应只解析一次；短信订单按范围隔离查询
backend/internal/api/dictionary_test.go	9b89ed39e5530898c2f548c2beb5c453a1245a4fb0c35a7da06f4c11a026505d	reviewed	逐行审查 API 路由鉴权、稳定 ID 与请求校验、私有数据返回、任务和 SSE 生命周期及对应测试；确认待修复的工作台会话与部分 JSON 解码入口问题
backend/internal/api/kuma_templates.go	1d3713905c45f2eeecef14071ef6b26a38ae5414820c603d8dfefa82ca9b6ded	reviewed	逐行审查 API 路由鉴权、稳定 ID 与请求校验、私有数据返回、任务和 SSE 生命周期及对应测试；确认待修复的工作台会话与部分 JSON 解码入口问题
backend/internal/api/kuma_templates_test.go	6a7d92568cd7b1987e7869a5a986a00c1e7e06bf07b74dc7607bdfd48e9f012d	reviewed	逐行审查 API 路由鉴权、稳定 ID 与请求校验、私有数据返回、任务和 SSE 生命周期及对应测试；确认待修复的工作台会话与部分 JSON 解码入口问题
backend/internal/api/login_rotation_test.go	0e6f4d525634ddcce506f636859bb1f07fbda437eb26858e4879d308cd72b067	reviewed	逐行审查 API 路由鉴权、稳定 ID 与请求校验、私有数据返回、任务和 SSE 生命周期及对应测试；确认待修复的工作台会话与部分 JSON 解码入口问题
backend/internal/api/login_throttle.go	ee84a07e331b0304e87ac888763dd3aa3aeeb226386dac37f9bf3044caf91dde	reviewed	逐行审查 API 路由鉴权、稳定 ID 与请求校验、私有数据返回、任务和 SSE 生命周期及对应测试；确认待修复的工作台会话与部分 JSON 解码入口问题
backend/internal/api/login_throttle_test.go	1219d3bf34e7fd3ff377c2061945ad08c336f380b40a3bf70f0d620ec2a9f945	reviewed	逐行审查 API 路由鉴权、稳定 ID 与请求校验、私有数据返回、任务和 SSE 生命周期及对应测试；确认待修复的工作台会话与部分 JSON 解码入口问题
backend/internal/api/model_animations.go	53b0c4d3164160195480591a374907eacf7add52613ca8861eac0d38d82fd69e	reviewed	逐行审查 API 路由鉴权、稳定 ID 与请求校验、私有数据返回、任务和 SSE 生命周期及对应测试；确认待修复的工作台会话与部分 JSON 解码入口问题
backend/internal/api/model_pricing_cache_test.go	9de1185cd02ed3acd415bd042ce71e06dce13cc558e24b8660b68f40c0485bda	reviewed	逐行审查 API 路由鉴权、稳定 ID 与请求校验、私有数据返回、任务和 SSE 生命周期及对应测试；确认待修复的工作台会话与部分 JSON 解码入口问题
backend/internal/api/onboarding_probe_tasks.go	d48d1093a8628b0f97674a7c62e02f1485ed7859c3aa5effaffe755a13f0b610	reviewed	逐行审查 API 路由鉴权、稳定 ID 与请求校验、私有数据返回、任务和 SSE 生命周期及对应测试；确认待修复的工作台会话与部分 JSON 解码入口问题
backend/internal/api/server.go	e303a16d2176c09c8816acd2cba47fb5b7d271f7141ed1bae70047439f9c728c	reviewed	Read current source-profile API handlers and complete server; owner-session, no-store and strict request binding verified
backend/internal/api/server_test.go	69cf5abc87d89f5f5a78d8ee5765fc8cddb3e60a6a1a2ef1996b6a12b577ec44	reviewed	完整审查 API 全路由鉴权、请求上界与字段契约、会话恢复、任务取消和 SSE 回归测试及隔离 fixtures
backend/internal/api/session_stream_test.go	1b0474ecc66c3f27328a580b381acf8aca36b2e81dd478d8af745bc96ca08acf	reviewed	逐行审查 API 路由鉴权、稳定 ID 与请求校验、私有数据返回、任务和 SSE 生命周期及对应测试；确认待修复的工作台会话与部分 JSON 解码入口问题
backend/internal/api/uptime_kuma.go	2c7cbeea441be1bb6451a877db4521ce66b8f5c50a8de9bc34692a35560f6e59	reviewed	逐行审查 API 路由鉴权、稳定 ID 与请求校验、私有数据返回、任务和 SSE 生命周期及对应测试；确认待修复的工作台会话与部分 JSON 解码入口问题
backend/internal/api/uptime_kuma_test.go	52622e81cddaf2b2c2117173dd051037571fd5a168eec2dee146f473826a0045	reviewed	逐行审查 API 路由鉴权、稳定 ID 与请求校验、私有数据返回、任务和 SSE 生命周期及对应测试；确认待修复的工作台会话与部分 JSON 解码入口问题
backend/internal/authrecovery/__tests__/batch_progress_test.go	f613245612bdd67ef81a351626be1b33410358ea98d8527a8c60bddb86faf12b	fixed	Batch recovery persists latest host only while preserving full snapshot; regression previously overwrote newer first-host failure, now passes authrecovery race tests.
backend/internal/authrecovery/__tests__/outcomes_test.go	c08fba834b3c19ed63324ed3f99cb383671b18f1ea6f7a51afec0ed89001fbe1	reviewed	Read full auth recovery, vault selection, guarded credential commit, captcha encryption/cancellation/identity, privacy and conflict tests.
backend/internal/authrecovery/browser.go	64cd2efb759e74b7012980a0201e56446853a7462836a954139fa9e861562dc6	reviewed	Read full auth recovery, vault selection, guarded credential commit, captcha encryption/cancellation/identity, privacy and conflict tests.
backend/internal/authrecovery/captcha.go	0de07ba447387eb440efc13ccfc53d15616b1d6a7d678d0ca6a78a7b8c975a84	reviewed	Read full auth recovery, vault selection, guarded credential commit, captcha encryption/cancellation/identity, privacy and conflict tests.
backend/internal/authrecovery/captcha_conflict_test.go	a9591e581e22df03225fcd8cc78258bd5d8d1ab07befbbe44c08dd8c2bb66868	reviewed	Read full auth recovery, vault selection, guarded credential commit, captcha encryption/cancellation/identity, privacy and conflict tests.
backend/internal/authrecovery/captcha_test.go	e7b2702b3a6eea42fe7bbe2b5c16c83b0a3dfcf24a582ac43118258dd89bb47b	reviewed	Read full auth recovery, vault selection, guarded credential commit, captcha encryption/cancellation/identity, privacy and conflict tests.
backend/internal/authrecovery/credential_conflict_test.go	96252e9ef23adabe4690904dd8ef49e049046f127892283a7b3b95ae398342ca	reviewed	Read full auth recovery, vault selection, guarded credential commit, captcha encryption/cancellation/identity, privacy and conflict tests.
backend/internal/authrecovery/projection_failure_test.go	e6374e99e6ab2f66b46ba61ee0d0eb53ef75e97d3e8210ea28b8f99e5d42e581	reviewed	Read full auth recovery, vault selection, guarded credential commit, captcha encryption/cancellation/identity, privacy and conflict tests.
backend/internal/authrecovery/service.go	89fdbee7925aace452116df6e7196a42adca660d1b7f24cf6f6a060b97a954ee	fixed	Batch recovery persists latest host only while preserving full snapshot; regression previously overwrote newer first-host failure, now passes authrecovery race tests.
backend/internal/authrecovery/service_test.go	71049f9e3bdd14248c1609c6d2bdb0acc84063662a3d94da70ef118f6528de50	reviewed	Read full auth recovery, vault selection, guarded credential commit, captcha encryption/cancellation/identity, privacy and conflict tests.
backend/internal/browserlogin/__tests__/api_test.go	cc916726c1d2a1eb8abca0db83e7c8218f5b3eed82e447ef7d3084f32b294943	reviewed	Read source and isolated fixtures: owner-bound browser lifecycle, private socket RPC, restricted proxies, OAuth callback and recovery, security-operation write boundaries, screenshot eligibility; no additional confirmed defect.
backend/internal/browserlogin/__tests__/challenge_test.go	48cff0518f4e484ec8e4959b1dbf6756c8cf2fec8b7a2050935f6186f6005747	reviewed	Read source and isolated fixtures: owner-bound browser lifecycle, private socket RPC, restricted proxies, OAuth callback and recovery, security-operation write boundaries, screenshot eligibility; no additional confirmed defect.
backend/internal/browserlogin/__tests__/chromium_test.go	602a0b3d95e275bf6c9cedbca0dbaefb659f49ba82cc960fff7173dfd971084c	reviewed	Read source and isolated fixtures: owner-bound browser lifecycle, private socket RPC, restricted proxies, OAuth callback and recovery, security-operation write boundaries, screenshot eligibility; no additional confirmed defect.
backend/internal/browserlogin/__tests__/input_test.go	3f8f3fae7d1e23e116723a4f0078ec8320475efd42ed2949a796887fb341a311	reviewed	Read source and isolated fixtures: owner-bound browser lifecycle, private socket RPC, restricted proxies, OAuth callback and recovery, security-operation write boundaries, screenshot eligibility; no additional confirmed defect.
backend/internal/browserlogin/__tests__/interaction_test.go	843fb3878c4a81cc091ce3a6b0af56268dcd5b6ea79f3a33b4e1eccfce927224	reviewed	Read source and isolated fixtures: owner-bound browser lifecycle, private socket RPC, restricted proxies, OAuth callback and recovery, security-operation write boundaries, screenshot eligibility; no additional confirmed defect.
backend/internal/browserlogin/__tests__/lifecycle_test.go	952d202742027d656e19778009bc599ce0e4263ff7e4a21dcfef39d34e72dae5	reviewed	Read source and isolated fixtures: owner-bound browser lifecycle, private socket RPC, restricted proxies, OAuth callback and recovery, security-operation write boundaries, screenshot eligibility; no additional confirmed defect.
backend/internal/browserlogin/__tests__/oauth_auto_checkpoint_chromium_test.go	8b42d2aa63baddf4717622b0e20cd0fa84172ed37514df11051f41477a65c558	reviewed	Final full read; 26 checkpoint/security tests passed in network-isolated real Chromium using race build; complete browserlogin __tests__ race3.964s passed. Confirmed email retained; input test now explicitly focuses rendered field before verifying durable revocation.
backend/internal/browserlogin/__tests__/oauth_automation_test.go	6192b38d7873af18ab68f46acd02088f8a9664cf02211f5dd65e799ef01e8fba	reviewed	Read source and isolated fixtures: owner-bound browser lifecycle, private socket RPC, restricted proxies, OAuth callback and recovery, security-operation write boundaries, screenshot eligibility; no additional confirmed defect.
backend/internal/browserlogin/__tests__/oauth_checkpoint_chromium_test.go	b7314fd24e36fbf9f295eff65b638cd97296a3f53c5bb1d4a61e7613b1b371f5	reviewed	Final full read; 26 checkpoint/security tests passed in network-isolated real Chromium using race build; complete browserlogin __tests__ race3.964s passed. Confirmed email retained; input test now explicitly focuses rendered field before verifying durable revocation.
backend/internal/browserlogin/__tests__/oauth_checkpoint_revocation_test.go	7c89731c67b4bd19f173f9d4fc937042db22dcf9c1e84e6b150a6cee9c860763	fixed	Deleting matching active checkpoint freezes browser before deletion; isolated Chromium deletion regression red to green and full checkpoint suite passed.
backend/internal/browserlogin/__tests__/oauth_checkpoint_test.go	f0d6158a78daa4ce2b6ae0b59fd1b9679634a90e0e83b6da3dffc960026a0af1	reviewed	Reviewed latest OAuth checkpoint persistence, revision and private worker changes; complete isolated Chromium checkpoint suite and browser race passed.
backend/internal/browserlogin/__tests__/oauth_chromium_test.go	dcf6683663bc8a0f725aff1e570b148be1c76f2d7c6cec3d03d4b26d669ce945	reviewed	Read source and isolated fixtures: owner-bound browser lifecycle, private socket RPC, restricted proxies, OAuth callback and recovery, security-operation write boundaries, screenshot eligibility; no additional confirmed defect.
backend/internal/browserlogin/__tests__/oauth_lifecycle_test.go	30ddbf8436be1cdd188e6156ecc4a13b3ab0d9166b0ad8f4739b1d843c1d1709	reviewed	Read source and isolated fixtures: owner-bound browser lifecycle, private socket RPC, restricted proxies, OAuth callback and recovery, security-operation write boundaries, screenshot eligibility; no additional confirmed defect.
backend/internal/browserlogin/__tests__/oauth_privacy_test.go	d9ee4eaaafef5ea9b8f7ed3aab4bf302226d3a4c2209912be7f9d8032bac7d79	reviewed	Read source and isolated fixtures: owner-bound browser lifecycle, private socket RPC, restricted proxies, OAuth callback and recovery, security-operation write boundaries, screenshot eligibility; no additional confirmed defect.
backend/internal/browserlogin/__tests__/oauth_test.go	0fac37c13b2a214211a986b4c3982b14c2a5714981ba0e71a5d3037d2aa1e7bb	reviewed	Read source and isolated fixtures: owner-bound browser lifecycle, private socket RPC, restricted proxies, OAuth callback and recovery, security-operation write boundaries, screenshot eligibility; no additional confirmed defect.
backend/internal/browserlogin/__tests__/proxy_chromium_test.go	9cb4073afdaac85d12f6194c089479624fef3b56882916d40211fbace12a1350	reviewed	Read source and isolated fixtures: owner-bound browser lifecycle, private socket RPC, restricted proxies, OAuth callback and recovery, security-operation write boundaries, screenshot eligibility; no additional confirmed defect.
backend/internal/browserlogin/__tests__/proxy_options_test.go	6a71f83ba1755b55240a311c02858eb91e7ea5fabe58a8960f936e64b818bdfb	reviewed	Read source and isolated fixtures: owner-bound browser lifecycle, private socket RPC, restricted proxies, OAuth callback and recovery, security-operation write boundaries, screenshot eligibility; no additional confirmed defect.
backend/internal/browserlogin/__tests__/remote_test.go	21d0525513eefef2212276bfed4197f9069f47e982177ad3426c23c32e509cbb	reviewed	Read source and isolated fixtures: owner-bound browser lifecycle, private socket RPC, restricted proxies, OAuth callback and recovery, security-operation write boundaries, screenshot eligibility; no additional confirmed defect.
backend/internal/browserlogin/__tests__/security_checkpoint_chromium_test.go	c265217001f0f5e88d1b71197267a275448f68be5a715616d4bea7fe93bbcb3a	reviewed	Final full read; 26 checkpoint/security tests passed in network-isolated real Chromium using race build; complete browserlogin __tests__ race3.964s passed. Confirmed email retained; input test now explicitly focuses rendered field before verifying durable revocation.
backend/internal/browserlogin/__tests__/security_checkpoint_identity_test.go	19cfedda3601939c5e781582195e3b5a0da6e200ba2665f20e23feb879770496	reviewed	Final full read; 26 checkpoint/security tests passed in network-isolated real Chromium using race build; complete browserlogin __tests__ race3.964s passed. Confirmed email retained; input test now explicitly focuses rendered field before verifying durable revocation.
backend/internal/browserlogin/__tests__/security_checkpoint_test.go	c83fbf2434eb318ec28994f5d76a92d797fb096f7118155a4df991a8ac25fb5a	reviewed	Final full read; 26 checkpoint/security tests passed in network-isolated real Chromium using race build; complete browserlogin __tests__ race3.964s passed. Confirmed email retained; input test now explicitly focuses rendered field before verifying durable revocation.
backend/internal/browserlogin/__tests__/security_chromium_test.go	a35d9f4499b770b2a696ef5c9d6bb1dfc4919b03584b5ce659b9e7023ffa3600	reviewed	Read source and isolated fixtures: owner-bound browser lifecycle, private socket RPC, restricted proxies, OAuth callback and recovery, security-operation write boundaries, screenshot eligibility; no additional confirmed defect.
backend/internal/browserlogin/__tests__/security_loading_test.go	cd83f04e07956925684e1145c72650db1763e77500e21f06dfcb67475a40bf67	reviewed	Read source and isolated fixtures: owner-bound browser lifecycle, private socket RPC, restricted proxies, OAuth callback and recovery, security-operation write boundaries, screenshot eligibility; no additional confirmed defect.
backend/internal/browserlogin/__tests__/security_screenshot_test.go	c69a3429eadbc3076a35dc70500303355e1b402f1e3272167e0d5ed995511417	reviewed	Read source and isolated fixtures: owner-bound browser lifecycle, private socket RPC, restricted proxies, OAuth callback and recovery, security-operation write boundaries, screenshot eligibility; no additional confirmed defect.
backend/internal/browserlogin/__tests__/security_write_boundary_test.go	71ae5ee94c198252d6a0042c7ff93b00c321c383cc5340602f33fe3f5bc04b8c	reviewed	Read source and isolated fixtures: owner-bound browser lifecycle, private socket RPC, restricted proxies, OAuth callback and recovery, security-operation write boundaries, screenshot eligibility; no additional confirmed defect.
backend/internal/browserlogin/challenge.go	1c679a603b911091761e4e222fc9d296df5a6aa1f098c2eaaca6a5dfeb647f1e	reviewed	Read source and isolated fixtures: owner-bound browser lifecycle, private socket RPC, restricted proxies, OAuth callback and recovery, security-operation write boundaries, screenshot eligibility; no additional confirmed defect.
backend/internal/browserlogin/chromium.go	8290095d112b68c8337a85dda6a3aa65221e93d1e523ecd925af82573eb8c565	reviewed	Final full read; 26 checkpoint/security tests passed in network-isolated real Chromium using race build; complete browserlogin __tests__ race3.964s passed. Confirmed email retained; input test now explicitly focuses rendered field before verifying durable revocation.
backend/internal/browserlogin/loginproxy/__tests__/config_test.go	40e5defd5a1a9b4166ef60430576bf69dc22a051306ff8d05d7ca874392bd33b	reviewed	Read source and isolated fixtures: owner-bound browser lifecycle, private socket RPC, restricted proxies, OAuth callback and recovery, security-operation write boundaries, screenshot eligibility; no additional confirmed defect.
backend/internal/browserlogin/loginproxy/__tests__/dns_test.go	6a85975f56060d3e1168eb792db95fb39711d3f199ddc9dec8982faa4f8af4b6	reviewed	Read source and isolated fixtures: owner-bound browser lifecycle, private socket RPC, restricted proxies, OAuth callback and recovery, security-operation write boundaries, screenshot eligibility; no additional confirmed defect.
backend/internal/browserlogin/loginproxy/__tests__/http_test.go	dfa79203b74ec943e0a42cf9e239ab00c4ce5bdaa701ae8f2671ba3611c70ad6	reviewed	Read source and isolated fixtures: owner-bound browser lifecycle, private socket RPC, restricted proxies, OAuth callback and recovery, security-operation write boundaries, screenshot eligibility; no additional confirmed defect.
backend/internal/browserlogin/loginproxy/__tests__/socks_test.go	09a9538d3497c1e3a87fa49c204cc91b3c905f41909b7addbc57bf4bd4e8499f	reviewed	Read source and isolated fixtures: owner-bound browser lifecycle, private socket RPC, restricted proxies, OAuth callback and recovery, security-operation write boundaries, screenshot eligibility; no additional confirmed defect.
backend/internal/browserlogin/loginproxy/__tests__/transport_test.go	196e3ef2f12fac02c8a1b889726b83e5227de592aedbbe6d40dec7453cde25e1	reviewed	Read source and isolated fixtures: owner-bound browser lifecycle, private socket RPC, restricted proxies, OAuth callback and recovery, security-operation write boundaries, screenshot eligibility; no additional confirmed defect.
backend/internal/browserlogin/loginproxy/config.go	8bb01c2d17260049a2dc18b3d5cb6ac3f369c9c8545871d23a19a6f90a3012c0	reviewed	Read source and isolated fixtures: owner-bound browser lifecycle, private socket RPC, restricted proxies, OAuth callback and recovery, security-operation write boundaries, screenshot eligibility; no additional confirmed defect.
backend/internal/browserlogin/loginproxy/dialer.go	3ef954975f055d06b1c3ba725ebae15f0811b1ab76b3ee8dcaebe45de5b1b165	reviewed	Read source and isolated fixtures: owner-bound browser lifecycle, private socket RPC, restricted proxies, OAuth callback and recovery, security-operation write boundaries, screenshot eligibility; no additional confirmed defect.
backend/internal/browserlogin/manager.go	c8fa74d3f1b2b135793b5cbfabc7e0c02769c0928daa909532e86b147bb02e6e	reviewed	Read source and isolated fixtures: owner-bound browser lifecycle, private socket RPC, restricted proxies, OAuth callback and recovery, security-operation write boundaries, screenshot eligibility; no additional confirmed defect.
backend/internal/browserlogin/oauth_automation.go	0842602436ae96032cd6a6e96fb03d9b12d5ecaf0b5b32a4ab75b61d83779102	reviewed	Read source and isolated fixtures: owner-bound browser lifecycle, private socket RPC, restricted proxies, OAuth callback and recovery, security-operation write boundaries, screenshot eligibility; no additional confirmed defect.
backend/internal/browserlogin/oauth_checkpoint_auto.go	a8925994b353e881a573f40e8f8a0efb34a6b9cc8321b0189042afc4c9699682	reviewed	Reviewed latest OAuth checkpoint persistence, revision and private worker changes; complete isolated Chromium checkpoint suite and browser race passed.
backend/internal/browserlogin/oauth_checkpoint_chromium.go	26cce5d27f0ec62f79406e1548506ef4b2de0785a353feb9ba98e174471fc729	reviewed	Final full read; 26 checkpoint/security tests passed in network-isolated real Chromium using race build; complete browserlogin __tests__ race3.964s passed. Confirmed email retained; input test now explicitly focuses rendered field before verifying durable revocation.
backend/internal/browserlogin/oauth_checkpoint_remote.go	d9f6d261b4226fe2b6811ab8a5bd9a0976882ab4ae701a6ed5f1ef98b7ab7488	reviewed	Reviewed latest OAuth checkpoint persistence, revision and private worker changes; complete isolated Chromium checkpoint suite and browser race passed.
backend/internal/browserlogin/oauth_checkpoint_storage.go	492f37d3765fe1c2cc2e8bc937c4832aa381f32fe0cab512bea0afe7f19bcfc3	reviewed	Reviewed latest OAuth checkpoint persistence, revision and private worker changes; complete isolated Chromium checkpoint suite and browser race passed.
backend/internal/browserlogin/oauth_checkpoint_types.go	d5a2a67719744aa3c02b88cc168810e40ed0dc0ccce4385d6aa565b398d4117b	reviewed	Reviewed latest OAuth checkpoint persistence, revision and private worker changes; complete isolated Chromium checkpoint suite and browser race passed.
backend/internal/browserlogin/oauth_checkpoint_worker.go	9b6ddfd463aea4378f097b85e0cd81bc27e9f5dd671262624df6bd9a66b1dd07	fixed	Deleting matching active checkpoint freezes browser before deletion; isolated Chromium deletion regression red to green and full checkpoint suite passed.
backend/internal/browserlogin/proxy.go	9ab46e4689e51447182f3d94c93983c52d7ce72d52f53d9945c7773acca7997d	reviewed	Read source and isolated fixtures: owner-bound browser lifecycle, private socket RPC, restricted proxies, OAuth callback and recovery, security-operation write boundaries, screenshot eligibility; no additional confirmed defect.
backend/internal/browserlogin/proxy_config.go	cd5698b5afe55466a44627bbb2bd3def7217be8d1e4e5d2c4cb7bff7197f48e7	reviewed	Read source and isolated fixtures: owner-bound browser lifecycle, private socket RPC, restricted proxies, OAuth callback and recovery, security-operation write boundaries, screenshot eligibility; no additional confirmed defect.
backend/internal/browserlogin/remote.go	2786d95e4214baf816e5a6a1a8192edcff6f738b35535ca335d9676b0ef99607	reviewed	Final full read; 26 checkpoint/security tests passed in network-isolated real Chromium using race build; complete browserlogin __tests__ race3.964s passed. Confirmed email retained; input test now explicitly focuses rendered field before verifying durable revocation.
backend/internal/browserlogin/security_checkpoint_chromium.go	306fd1b6ff1bd751916651559ca7be932e207f8c02deb9df8275207ab6d053df	reviewed	Final full read; 26 checkpoint/security tests passed in network-isolated real Chromium using race build; complete browserlogin __tests__ race3.964s passed. Confirmed email retained; input test now explicitly focuses rendered field before verifying durable revocation.
backend/internal/browserlogin/security_checkpoint_types.go	24bc872d454c5d3de6eda75753fab02542853522f8afacc1d89c9164c387e19c	reviewed	Final full read; 26 checkpoint/security tests passed in network-isolated real Chromium using race build; complete browserlogin __tests__ race3.964s passed. Confirmed email retained; input test now explicitly focuses rendered field before verifying durable revocation.
backend/internal/browserlogin/security_checkpoint_worker.go	bc32d5b28a9d4a7a4806890b4097875e8c908c6f1eda8edfc944a93ada7aad8b	reviewed	Final full read; 26 checkpoint/security tests passed in network-isolated real Chromium using race build; complete browserlogin __tests__ race3.964s passed. Confirmed email retained; input test now explicitly focuses rendered field before verifying durable revocation.
backend/internal/browserlogin/security_chromium.go	40b7884ff8bf1f3ca5b39b30a436718e8a8a036e911a30878f22094c8775b5a0	reviewed	Final full read; 26 checkpoint/security tests passed in network-isolated real Chromium using race build; complete browserlogin __tests__ race3.964s passed. Confirmed email retained; input test now explicitly focuses rendered field before verifying durable revocation.
backend/internal/browserlogin/security_remote.go	a17d204737d0bf36cccfac474e4c69f0146d8c0185bcb95107bd6f07afdddf1f	reviewed	Final full read; 26 checkpoint/security tests passed in network-isolated real Chromium using race build; complete browserlogin __tests__ race3.964s passed. Confirmed email retained; input test now explicitly focuses rendered field before verifying durable revocation.
backend/internal/browserlogin/security_types.go	e090719e33adf2ba7b327d19ad8c8219087e426987ca620056a3e3e9ec447795	reviewed	Read source and isolated fixtures: owner-bound browser lifecycle, private socket RPC, restricted proxies, OAuth callback and recovery, security-operation write boundaries, screenshot eligibility; no additional confirmed defect.
backend/internal/browserlogin/security_worker.go	432a6fa7684fedfaaee53913e212f5ed61ebf9f7acc8857fe61dd06776cd3c73	reviewed	Final full read; 26 checkpoint/security tests passed in network-isolated real Chromium using race build; complete browserlogin __tests__ race3.964s passed. Confirmed email retained; input test now explicitly focuses rendered field before verifying durable revocation.
backend/internal/browserlogin/types.go	d977b97474230580ba646c1df0ea89b818612fe0a5b066fb45d288ee6058f8cd	reviewed	Read source and isolated fixtures: owner-bound browser lifecycle, private socket RPC, restricted proxies, OAuth callback and recovery, security-operation write boundaries, screenshot eligibility; no additional confirmed defect.
backend/internal/browserlogin/worker.go	add738b8895e9b21b61108a1107ab3d53f84822ae9a2ea460e01d75e04b84584	reviewed	Final full read; 26 checkpoint/security tests passed in network-isolated real Chromium using race build; complete browserlogin __tests__ race3.964s passed. Confirmed email retained; input test now explicitly focuses rendered field before verifying durable revocation.
backend/internal/business/routing_write.go	47feee5974db6c7c650f5ecd9a0ea6157da0287145c999682e4b7e3037820b69	fixed	Release baseline uses indexed account lookup eliminating per-account complete baseline scans; batch behavior regression and routingwrite race passed.
backend/internal/config/config.go	5d81002307e86acbba1372c3f765b11bf38bf8740aed0454dcca39384302f794	reviewed	Reviewed complete source and tests: target identity pinning, configuration validation, diagnostic redaction, host metric accounting; no new confirmed issue.
backend/internal/config/config_test.go	6cad943c3e5f9dbcb204ae38fa0403c0e4feb6922102264f484431e30633515f	reviewed	Reviewed complete source and tests: target identity pinning, configuration validation, diagnostic redaction, host metric accounting; no new confirmed issue.
backend/internal/logs/maintenance.go	9c67e2a699ff39cc369c7a66128088ebe0d81c7f9f7d36ce4d25e64c252be54d	reviewed	Read unified-log correlation, aggregation, bounded sources, per-query cache refresh, pagination, retention cleanup and cancellation/concurrency tests.
backend/internal/logs/maintenance_test.go	8642d9bda0817933e2e04245b7e3bd83c198ed471190a0a7888814319723fb94	reviewed	Read unified-log correlation, aggregation, bounded sources, per-query cache refresh, pagination, retention cleanup and cancellation/concurrency tests.
backend/internal/logs/pagination_test.go	db07f482ec2c9e2fc3d2a78853d07ead773b74c07217027428ceb543e597b0b3	reviewed	Read unified-log correlation, aggregation, bounded sources, per-query cache refresh, pagination, retention cleanup and cancellation/concurrency tests.
backend/internal/logs/service.go	d060c7b1d81b094c7f62d046d5630b1d6e0d4e862fc562987a6bb0b63062e601	reviewed	Read unified-log correlation, aggregation, bounded sources, per-query cache refresh, pagination, retention cleanup and cancellation/concurrency tests.
backend/internal/logs/service_test.go	3c1c4d6a2301dccd6cdbbe77167c2c4112364d8b401acfceb86c5baac57c9694	reviewed	Read unified-log correlation, aggregation, bounded sources, per-query cache refresh, pagination, retention cleanup and cancellation/concurrency tests.
backend/internal/management/__tests__/defaults_readback_test.go	c45abcec345cde4fba56d97328fb18f27a071204f1d6094a163ecd92cb433147	fixed	Explicit null readback required before projecting cleared load factor; missing empty unchanged regression and full management race passed.
backend/internal/management/__tests__/rate_collection_test.go	a915c102408db9dc73bfd5d79537dae16fe8d37710bb6fab5ba7939208216032	reviewed	Read complete management service tests: snapshot deletion transaction, rate collection cancellation, mutation protection and isolated fixtures.
backend/internal/management/__tests__/snapshot_deletion_test.go	dda60a2cda912487ecc74e669a98bba5097a51352d637ad1986a91c65feb8597	reviewed	Read complete management service tests: snapshot deletion transaction, rate collection cancellation, mutation protection and isolated fixtures.
backend/internal/management/__tests__/snapshot_transaction_test.go	41873dc99bd806bb62358a4d026f53b97da25386c491ba36496c9cbbb3b0527c	reviewed	Read complete management service tests: snapshot deletion transaction, rate collection cancellation, mutation protection and isolated fixtures.
backend/internal/management/base_url_write_result_test.go	63eb402c24c8b983d9ea27488bc2802366fb9ab5d689ba03dc9287871cfce69e	reviewed	Read complete management service tests: snapshot deletion transaction, rate collection cancellation, mutation protection and isolated fixtures.
backend/internal/management/decimal_input_test.go	91f5834922c3de010164e884b4e33ca7feb886e88e2d0203bb9245f019095ac2	reviewed	Read complete management service tests: snapshot deletion transaction, rate collection cancellation, mutation protection and isolated fixtures.
backend/internal/management/rate_cancellation_test.go	be49a0d788851a4eb673166651e20ce71a13af856758d6f5e7c8542043631063	reviewed	Read complete management service tests: snapshot deletion transaction, rate collection cancellation, mutation protection and isolated fixtures.
backend/internal/management/runtime_protection_test.go	e392697b82fa3c203ecca19dd43776cce6c4f03853c7ac53a498763ae8e6889b	reviewed	Read complete management service tests: snapshot deletion transaction, rate collection cancellation, mutation protection and isolated fixtures.
backend/internal/management/service.go	b56fdb84b65679fb8bab0656b2b4cf7d4fb21cc9c00e1e0a54a9e092ff6dbcd0	fixed	Explicit null readback required before projecting cleared load factor; missing empty unchanged regression and full management race passed.
backend/internal/management/service_test.go	15cad6eb2f641d76418314c22cc0764994aec3db37a4d7d8dc3303a9ce72b31f	reviewed	Read complete management service tests: snapshot deletion transaction, rate collection cancellation, mutation protection and isolated fixtures.
backend/internal/modelcheck/__tests__/animation_models_test.go	e92cf6ca634a0d818ade672dad8abea91b455f775eea9701a1ee6111d133c5ca	reviewed	Reviewed bounded generation and SVG parsing, scheduling/version controls, OAuth fixed endpoint and response validation, profile publishing, and isolation of task/credential state with regression fixtures.
backend/internal/modelcheck/__tests__/api_test.go	d4e459b41587978458847c42f2923965e3a65737e0811f40282cb3924a831714	reviewed	Reviewed bounded generation and SVG parsing, scheduling/version controls, OAuth fixed endpoint and response validation, profile publishing, and isolation of task/credential state with regression fixtures.
backend/internal/modelcheck/__tests__/cancellation_test.go	af451021ab771d2c34be3ca624e0deece56d69dfc53d0a8508719a778615a30c	fixed	Fixed cancelled behavior tasks spinning on closed result channel; reject unsuccessful/incomplete HTTP200 responses and redact response model metadata. Real executor/network regression failed before fixes and complete modelcheck race passed.
backend/internal/modelcheck/__tests__/custom_animation_test.go	de63e9de3e1e98c48b9a47a9ca60d3de9a399377e219ea420d682250bd365655	reviewed	Reviewed bounded generation and SVG parsing, scheduling/version controls, OAuth fixed endpoint and response validation, profile publishing, and isolation of task/credential state with regression fixtures.
backend/internal/modelcheck/__tests__/direct-response_test.go	03f53d3fdd6485bcf483d93726c2c50e580cb8cfcabdb7806d7cfc63e3e7956d	fixed	Fixed cancelled behavior tasks spinning on closed result channel; reject unsuccessful/incomplete HTTP200 responses and redact response model metadata. Real executor/network regression failed before fixes and complete modelcheck race passed.
backend/internal/modelcheck/__tests__/fixtures_test.go	28240391729b523615713e9073e6051169b396a5d4fc9394d3d2141f0e87f0a2	reviewed	Reviewed bounded generation and SVG parsing, scheduling/version controls, OAuth fixed endpoint and response validation, profile publishing, and isolation of task/credential state with regression fixtures.
backend/internal/modelcheck/__tests__/generation_test.go	fc09c1f40437a5e8a008f2414ea2dc932fb202e0ba03c87c32c3b11b39b97e43	reviewed	Reviewed bounded generation and SVG parsing, scheduling/version controls, OAuth fixed endpoint and response validation, profile publishing, and isolation of task/credential state with regression fixtures.
backend/internal/modelcheck/__tests__/oauth_test.go	b314f9a396e4e3145432778bbe6a8e0a2efd931108fdf0d92891bf802def1fd6	reviewed	Reviewed bounded generation and SVG parsing, scheduling/version controls, OAuth fixed endpoint and response validation, profile publishing, and isolation of task/credential state with regression fixtures.
backend/internal/modelcheck/__tests__/scheduling_test.go	05ab4faefb81b4647f29b5173880253c13e808d80246d86af2a30578c7eba6b4	reviewed	Reviewed bounded generation and SVG parsing, scheduling/version controls, OAuth fixed endpoint and response validation, profile publishing, and isolation of task/credential state with regression fixtures.
backend/internal/modelcheck/__tests__/svg_validation_test.go	400e47a7a81aa8de39922416222a3a5133b821597055571bea8d6a23165ae672	reviewed	Reviewed bounded generation and SVG parsing, scheduling/version controls, OAuth fixed endpoint and response validation, profile publishing, and isolation of task/credential state with regression fixtures.
backend/internal/modelcheck/animation.go	5da7ecfa1e86004133e13ec71b17965c80258ffbb59bd3ded30e06c32822bbb7	reviewed	Reviewed bounded generation and SVG parsing, scheduling/version controls, OAuth fixed endpoint and response validation, profile publishing, and isolation of task/credential state with regression fixtures.
backend/internal/modelcheck/animation_custom.go	d99e0cc604dcd638d022648be8ee766b3298f27bf9c44d03577c2025e78b2103	reviewed	Reviewed bounded generation and SVG parsing, scheduling/version controls, OAuth fixed endpoint and response validation, profile publishing, and isolation of task/credential state with regression fixtures.
backend/internal/modelcheck/animation_http.go	3176282f7e6c23c9f04b74b80cc13ea79c224a317377be0bbdcbced9c6ac03b3	reviewed	Reviewed bounded generation and SVG parsing, scheduling/version controls, OAuth fixed endpoint and response validation, profile publishing, and isolation of task/credential state with regression fixtures.
backend/internal/modelcheck/animation_models.go	b4604ddabfffd7f94abf6ffda67baba0514608a84344c4606b53c3f00a53f084	reviewed	Reviewed bounded generation and SVG parsing, scheduling/version controls, OAuth fixed endpoint and response validation, profile publishing, and isolation of task/credential state with regression fixtures.
backend/internal/modelcheck/animation_schedule.go	a337465de4687ff075606aad75e8d6707e275feb698f8e78b4229e0161a1e8e3	reviewed	Reviewed bounded generation and SVG parsing, scheduling/version controls, OAuth fixed endpoint and response validation, profile publishing, and isolation of task/credential state with regression fixtures.
backend/internal/modelcheck/animation_svg.go	52bdac6d05a8b688b8c1a38df0d52f725a406ff14d0278d4d4ad52e089b0a5b4	reviewed	Reviewed bounded generation and SVG parsing, scheduling/version controls, OAuth fixed endpoint and response validation, profile publishing, and isolation of task/credential state with regression fixtures.
backend/internal/modelcheck/animation_svg_attributes.go	d40822d91851d11b6a7a159aec1e02eda85aa8f2c4f08f22cdcf15bbbf126da5	reviewed	Reviewed bounded generation and SVG parsing, scheduling/version controls, OAuth fixed endpoint and response validation, profile publishing, and isolation of task/credential state with regression fixtures.
backend/internal/modelcheck/assets/claude-profiles.dat	ca8fda4a8647fb811044ff4c0a9809567ffd8cd49b2d5923829d1f004d161544	reviewed	Decoded original embedded profile asset; inspected metadata and every unique question, option, cluster and tolerance; structurally checked every weight for finite values, exact category coverage and candidate dimension (48670 Claude weights).
backend/internal/modelcheck/assets/sol-profile.json	2f16356ce8e2af7f17a6e197ec8ed65927d3b80cc305f3f7b94f41fd24db32c9	reviewed	Decoded original embedded profile asset; inspected metadata and every unique question, option, cluster and tolerance; structurally checked every weight for finite values, exact category coverage and candidate dimension (48670 Claude weights).
backend/internal/modelcheck/cancelled_requests_test.go	1cf1997758541b73b10cc7c4d21dad3a33c5fc4b6246fc5dca1f7ada9aac5055	reviewed	Reviewed bounded generation and SVG parsing, scheduling/version controls, OAuth fixed endpoint and response validation, profile publishing, and isolation of task/credential state with regression fixtures.
backend/internal/modelcheck/checker.go	bc34f9d5ffd88a2bf2cdde5657fe5784d8722932cf66cda59a0251fa0158b410	reviewed	Reviewed bounded generation and SVG parsing, scheduling/version controls, OAuth fixed endpoint and response validation, profile publishing, and isolation of task/credential state with regression fixtures.
backend/internal/modelcheck/checker_failure_test.go	8f68097d206340e20e38b67bad8c057cd5fef067a74dadb7382a2f3796f48a52	reviewed	Reviewed bounded generation and SVG parsing, scheduling/version controls, OAuth fixed endpoint and response validation, profile publishing, and isolation of task/credential state with regression fixtures.
backend/internal/modelcheck/configuration.go	98e349823267696ce6e3e2882d8303905083d0db7672fa85a8df53aeecf2ec22	reviewed	Reviewed bounded generation and SVG parsing, scheduling/version controls, OAuth fixed endpoint and response validation, profile publishing, and isolation of task/credential state with regression fixtures.
backend/internal/modelcheck/configuration_test.go	6c9ccb973e9eeca2f4ad1bb99001d20defb30c214e8424ef8dcf7d269c226aa6	reviewed	Reviewed bounded generation and SVG parsing, scheduling/version controls, OAuth fixed endpoint and response validation, profile publishing, and isolation of task/credential state with regression fixtures.
backend/internal/modelcheck/direct.go	d183b10d1a686c753d2ceadb1d2f24864dc747e34505a623310f01cfa599242b	fixed	Fixed cancelled behavior tasks spinning on closed result channel; reject unsuccessful/incomplete HTTP200 responses and redact response model metadata. Real executor/network regression failed before fixes and complete modelcheck race passed.
backend/internal/modelcheck/direct_test.go	c55cca3134d98c91aa41db63e8b53418d651a890661ab1ad278dcc6773246d2d	reviewed	Reviewed bounded generation and SVG parsing, scheduling/version controls, OAuth fixed endpoint and response validation, profile publishing, and isolation of task/credential state with regression fixtures.
backend/internal/modelcheck/oauth.go	dae5385ad49d71fa91651c2b630dab2bf824510d590d78ccd19bb333f36e69a3	reviewed	Reviewed bounded generation and SVG parsing, scheduling/version controls, OAuth fixed endpoint and response validation, profile publishing, and isolation of task/credential state with regression fixtures.
backend/internal/modelcheck/oauth_response.go	e69a2325ace52fd9ce4047824e29bbdb32942606bdbdde4f0e12f16a005056f2	reviewed	Reviewed bounded generation and SVG parsing, scheduling/version controls, OAuth fixed endpoint and response validation, profile publishing, and isolation of task/credential state with regression fixtures.
backend/internal/modelcheck/profiles.go	ac5b323dcbb29b2423a72adb7db75f741f0319c72f9ff62cfb336106a20e81f9	reviewed	Reviewed bounded generation and SVG parsing, scheduling/version controls, OAuth fixed endpoint and response validation, profile publishing, and isolation of task/credential state with regression fixtures.
backend/internal/modelcheck/service.go	46b005b4efa6fc6b18398c68dee1f150aaa0ef7376072796cd5d5eb255b1c308	fixed	Fixed cancelled behavior tasks spinning on closed result channel; reject unsuccessful/incomplete HTTP200 responses and redact response model metadata. Real executor/network regression failed before fixes and complete modelcheck race passed.
backend/internal/modelcheck/service_test.go	03786850a6687a2bdc947652442d4b8f163aea3dff6c3fa65ed973065ed9c160	reviewed	Reviewed bounded generation and SVG parsing, scheduling/version controls, OAuth fixed endpoint and response validation, profile publishing, and isolation of task/credential state with regression fixtures.
backend/internal/newapimanagement/__tests__/billing-write_test.go	ea668091313a85d000d11a20845c89a9c4c535da640a79a7b3b6dceec03122bf	reviewed	Reviewed management protocols, bounded HTTP reads, cache source isolation, mutation ordering, rollback and isolated fixtures.
backend/internal/newapimanagement/__tests__/decimal-catalog_test.go	2480464673e30e45f17981588504ea249c656ccabe53d0299672730bdd65da72	fixed	Rejected malformed and unbounded remote prices while retaining cache; compared equivalent decimal values and default billing modes correctly; prevented context-threshold integer overflow. Regression reproduced then module race tests passed.
backend/internal/newapimanagement/__tests__/official-pricing_test.go	3be002337eba243aba41021ebbe55082572bbdcb7a070ab24a2de4a0c50db4c1	reviewed	Reviewed management protocols, bounded HTTP reads, cache source isolation, mutation ordering, rollback and isolated fixtures.
backend/internal/newapimanagement/__tests__/official-refresh_test.go	260d995f91cb35b32a178db255c383c32f6c7d7cacf981fa7ffa033370bc0700	reviewed	Reviewed management protocols, bounded HTTP reads, cache source isolation, mutation ordering, rollback and isolated fixtures.
backend/internal/newapimanagement/__tests__/official-validation_test.go	3331ce861e26aeaca1db68de196c5952f81c7b9fd7d08181cecc1131d1496ef1	reviewed	Reviewed management protocols, bounded HTTP reads, cache source isolation, mutation ordering, rollback and isolated fixtures.
backend/internal/newapimanagement/__tests__/providers_test.go	bbf1089924802976a2729000768fd8a0bd4c3a0e840b8d524d5209788575081c	reviewed	Reviewed management protocols, bounded HTTP reads, cache source isolation, mutation ordering, rollback and isolated fixtures.
backend/internal/newapimanagement/__tests__/testdata/deepseek-pricing.html	3d691564a2de093591294cd74d7d6f53f793d8d7e88d24a14b7a7ebb677b3cef	reviewed	Reviewed management protocols, bounded HTTP reads, cache source isolation, mutation ordering, rollback and isolated fixtures.
backend/internal/newapimanagement/__tests__/upstream-pricing-auth_test.go	0569ded147f723112fea7d6bce7b5515657b4492cb9506509bbfd7bd637a00be	reviewed	Reviewed management protocols, bounded HTTP reads, cache source isolation, mutation ordering, rollback and isolated fixtures.
backend/internal/newapimanagement/__tests__/upstream-pricing_test.go	bc2b8c9366697849901c6039e2010ecbd2c5a57dec96ce5baf739784ae3cf88c	reviewed	Reviewed management protocols, bounded HTTP reads, cache source isolation, mutation ordering, rollback and isolated fixtures.
backend/internal/newapimanagement/billing_write.go	4b38697bf5f5582b2bbb5a74614478d54447bd1cdc5ba9a76a3aa3146ac9c5a9	reviewed	Reviewed management protocols, bounded HTTP reads, cache source isolation, mutation ordering, rollback and isolated fixtures.
backend/internal/newapimanagement/channel_catalog_test.go	d38a5ff77213009a6ce5967cae6f27a8860dd98b225122f53efa2b4410657671	reviewed	Reviewed management protocols, bounded HTTP reads, cache source isolation, mutation ordering, rollback and isolated fixtures.
backend/internal/newapimanagement/channel_result_test.go	3f73d649338e7cc0cec232be4c7aafef81926be025073c16a998112a63d41bc8	reviewed	Reviewed management protocols, bounded HTTP reads, cache source isolation, mutation ordering, rollback and isolated fixtures.
backend/internal/newapimanagement/group_binding_rollback_test.go	e5d93aedd58fe9897f399194fc4ba16979538ea4141ceca900cfc4f7f26bc31e	reviewed	Reviewed management protocols, bounded HTTP reads, cache source isolation, mutation ordering, rollback and isolated fixtures.
backend/internal/newapimanagement/model_price_rollback_test.go	568d29f0cff73321b83c00508f55c185d7be3adc640a3b2fbf84fb50945fbb54	reviewed	Reviewed management protocols, bounded HTTP reads, cache source isolation, mutation ordering, rollback and isolated fixtures.
backend/internal/newapimanagement/official_pricing.go	92395c5534703c9debd52be7fdc06180ba27c1685f32001c97e6d333b99c2a20	reviewed	Reviewed management protocols, bounded HTTP reads, cache source isolation, mutation ordering, rollback and isolated fixtures.
backend/internal/newapimanagement/platform_delete_rollback_test.go	98b6f7d21c19506d68985a953a36d2ca1fc678c8ceac687a11262233bc6fcf95	reviewed	Reviewed management protocols, bounded HTTP reads, cache source isolation, mutation ordering, rollback and isolated fixtures.
backend/internal/newapimanagement/pricing_cache.go	f4d350c02af718de1f2b7108cdd287993294e9b75319db3b84b3ea30217a3ac5	reviewed	Reviewed management protocols, bounded HTTP reads, cache source isolation, mutation ordering, rollback and isolated fixtures.
backend/internal/newapimanagement/pricing_cache_test.go	6973a2bd5acd2854d18902ccb9ab2968756cb668cfadeb00fc2ec3aef381b1fc	reviewed	Reviewed management protocols, bounded HTTP reads, cache source isolation, mutation ordering, rollback and isolated fixtures.
backend/internal/newapimanagement/pricing_input_test.go	3883a9f8a4571fffc7f5910d8103e336c5e024c2cf9acdb49f633b2ccbbb4db5	reviewed	Reviewed management protocols, bounded HTTP reads, cache source isolation, mutation ordering, rollback and isolated fixtures.
backend/internal/newapimanagement/service.go	ae6997fc885c2fa7a19586ebe11e5d642bb784960ce63d3e53e0c6bf90653024	fixed	Rejected malformed and unbounded remote prices while retaining cache; compared equivalent decimal values and default billing modes correctly; prevented context-threshold integer overflow. Regression reproduced then module race tests passed.
backend/internal/newapimanagement/service_test.go	1eecc11efa1754169d9dda0269b5452a3dec015e4fad312fc00d355db5ce1799	reviewed	Reviewed management protocols, bounded HTTP reads, cache source isolation, mutation ordering, rollback and isolated fixtures.
backend/internal/officialpricing/__tests__/fetch_test.go	d8869cbc67d97516bcb44f05f37a6e4aae34d3e058e6ae259c3ee0b7b61a420d	reviewed	Full review: official source origin restrictions, published prices and tier fixtures, bounded HTML table expansion, failure and redirect regressions.
backend/internal/officialpricing/__tests__/providers_test.go	dd03142fe655f445c496b6e6e6fab6e4754d08e1a84d1a31b37197fe0971602b	reviewed	Full review: official source origin restrictions, published prices and tier fixtures, bounded HTML table expansion, failure and redirect regressions.
backend/internal/officialpricing/__tests__/redirects_test.go	6886f604f90f2423ec97067bc65a8cc83639380b52824347d68fc8acb50b4323	reviewed	Full review: official source origin restrictions, published prices and tier fixtures, bounded HTML table expansion, failure and redirect regressions.
backend/internal/officialpricing/__tests__/testdata/glm.md	44f78f1d48b74fe5d2e3d2d4efa28fe02319a58be76a22e46e681015038fcd1a	reviewed	Full review: official source origin restrictions, published prices and tier fixtures, bounded HTML table expansion, failure and redirect regressions.
backend/internal/officialpricing/__tests__/testdata/kimi-chat.md	3bf357f834f724388ea34e7cd1fb737f89706ffa9c19ec6b011031eb4c327390	reviewed	Full review: official source origin restrictions, published prices and tier fixtures, bounded HTML table expansion, failure and redirect regressions.
backend/internal/officialpricing/__tests__/testdata/kimi.md	e0942aeaf39a8f14697044421a0246036926269a866b63616b3ca4beea014ad9	reviewed	Full review: official source origin restrictions, published prices and tier fixtures, bounded HTML table expansion, failure and redirect regressions.
backend/internal/officialpricing/__tests__/testdata/minimax.md	0e32ca8fd0bc920422c7b57b806096a94cff15890b4e269d3e7a9119023e9c1f	reviewed	Full review: official source origin restrictions, published prices and tier fixtures, bounded HTML table expansion, failure and redirect regressions.
backend/internal/officialpricing/__tests__/testdata/qwen.html	089a8d0797ca8e9cc626f7ad7a52815ebf1f6ca38ef6bda59ae9ac2a85c7f501	reviewed	Full review: official source origin restrictions, published prices and tier fixtures, bounded HTML table expansion, failure and redirect regressions.
backend/internal/officialpricing/__tests__/token_conditions_test.go	495b20db2c32eac968c6eaeed21c1aed5dacfd57648783872b3fa63a1992c5ba	fixed	Reject invalid and fractional token tier boundaries before big.Rat use; public parser regression reproduced panic before fix; package race tests passed.
backend/internal/officialpricing/deepseek.go	73bc27077ca426935311c2653138e488c072c28171248a2e64e120535d9c2053	reviewed	Full review: official source origin restrictions, published prices and tier fixtures, bounded HTML table expansion, failure and redirect regressions.
backend/internal/officialpricing/glm.go	16a87f630125dd12f9f65b8a7bf230f5e8b8ad9c8308679a2732974fef4f59f2	fixed	Reject invalid and fractional token tier boundaries before big.Rat use; public parser regression reproduced panic before fix; package race tests passed.
backend/internal/officialpricing/http.go	1d72038df571444c2f312de7528be94212c66a04cdba21064285826c994067e9	reviewed	Full review: official source origin restrictions, published prices and tier fixtures, bounded HTML table expansion, failure and redirect regressions.
backend/internal/officialpricing/kimi.go	66532485a8b890fd64beaaff2d24772de969f2f9e2acc588a71d77e4dd3e7c6b	reviewed	Full review: official source origin restrictions, published prices and tier fixtures, bounded HTML table expansion, failure and redirect regressions.
backend/internal/officialpricing/minimax.go	5befad754dec35a5913791f897afbdbd733cceeefeb889ff835802fa46c34425	fixed	Reject invalid and fractional token tier boundaries before big.Rat use; public parser regression reproduced panic before fix; package race tests passed.
backend/internal/officialpricing/providers.go	de5b4b8476e64e2466b040253f983cfbe8012fce5c86a52195348231687f9d8b	reviewed	Full review: official source origin restrictions, published prices and tier fixtures, bounded HTML table expansion, failure and redirect regressions.
backend/internal/officialpricing/qwen.go	b41b7eb9e08795f29bc2c4dc3738b72b00fe7e7f20e86da52f411389d23ffdd8	fixed	Reject invalid and fractional token tier boundaries before big.Rat use; public parser regression reproduced panic before fix; package race tests passed.
backend/internal/officialpricing/table.go	2d3d78b42dcde7015c08bd91fd0f07f6895ba5c66d80d5f952145c299ad57ca5	reviewed	Full review: official source origin restrictions, published prices and tier fixtures, bounded HTML table expansion, failure and redirect regressions.
backend/internal/officialpricing/tiers.go	89e66302ec61ab6c09e40df0cb76f09a3cfb6fae6377ff869ba5ce0e71bf5b9b	fixed	Reject invalid and fractional token tier boundaries before big.Rat use; public parser regression reproduced panic before fix; package race tests passed.
backend/internal/redact/secrets.go	6c053543e1e75c27216ee9923de726112dadf8f59935470c5f38366f1f0ede42	reviewed	Reviewed complete source and tests: target identity pinning, configuration validation, diagnostic redaction, host metric accounting; no new confirmed issue.
backend/internal/redact/secrets_test.go	491a6daa48c0ca0e33ecbf1b910c6b4678413db6817cfb7afd5ed288c6a60514	reviewed	Reviewed complete source and tests: target identity pinning, configuration validation, diagnostic redaction, host metric accounting; no new confirmed issue.
backend/internal/routing/__tests__/classification_batch_test.go	ee2a383012ae52b52ede5a2ee37beac60e298723ba0d3d6f8c83d44903973aff	fixed	批量分类复用已验证评分配置；1000样本基准7.333ms/1.669MB降至2.232ms/90.97KB；routing普通包和__tests__完整race通过
backend/internal/routing/__tests__/classification_test.go	bc5f0ff0be106b332d0ce1173eed6895e0159cf034de838b84889a4745f4d498	reviewed	逐行审查健康证据历史选择、精确倍率相对评分、恢复条件及分类和空回复调度回归
backend/internal/routing/__tests__/control_scope_test.go	fbcd674aaa9e9ccb13ce7ad889401d7255e089e4502f0d2a6bec0db9f2e60f78	fixed	Stable group IDs and exact decimal equality prevent incorrect control release; real SQLite regression reproduced failures
backend/internal/routing/__tests__/empty_response_scheduling_test.go	ebd2378420768995103ac29448323c946ff68c4e70b488f8abb9d18d3cf0ec5f	reviewed	逐行审查健康证据历史选择、精确倍率相对评分、恢复条件及分类和空回复调度回归
backend/internal/routing/__tests__/empty_response_test.go	3d083a1d196536e459b5f8fed9a88fc03ad1eead4347aca4ab0c647bb97c6c19	reviewed	逐行审查健康证据历史选择、精确倍率相对评分、恢复条件及分类和空回复调度回归
backend/internal/routing/evidence_history.go	204228c4dba854fea15ff862b400d4d13bbe5faa3bb8f8ff1440113c03076f28	reviewed	逐行审查健康证据历史选择、精确倍率相对评分、恢复条件及分类和空回复调度回归
backend/internal/routing/health_degradation_test.go	40ae62b32e50e397f46826ddc151bdc26cc9ec1f5a704adb01f9b823389d1069	reviewed	Read full routing policy, state calculation, and degradation regression contracts
backend/internal/routing/history_scoring_test.go	a0df891487b187622daca272b7347ff246fbee3ffac0b3942c9630fbbfe28513	reviewed	Read full routing policy, state calculation, and degradation regression contracts
backend/internal/routing/policy_contract_test.go	2de0a654b0ada7f54c9221a194f004abf1a1ff6305e9ec1bfea696c96f016da4	reviewed	Read full routing policy, state calculation, and degradation regression contracts
backend/internal/routing/price_scoring.go	a697d98b4bab0056cec58bf3a92512a7f24ba23145ad0430e5da6b3d3306b47e	reviewed	逐行审查健康证据历史选择、精确倍率相对评分、恢复条件及分类和空回复调度回归
backend/internal/routing/price_scoring_test.go	787244b37c09675f0e6895bc869e617ae15fb6a7edf54955134c5cb409024ea5	reviewed	Read complete scoring, placement, safety, and scaling regression contracts
backend/internal/routing/recovery_status.go	e53685939e74c83ed7610a175d3a1ebe1f1cd84ba7c49be348e7bd3a31903c52	reviewed	逐行审查健康证据历史选择、精确倍率相对评分、恢复条件及分类和空回复调度回归
backend/internal/routing/recovery_status_test.go	3cc48d54a0f7526c22000fb211f2bd2f67e8c2d5ca950191a709d00b255cbbd7	reviewed	Read complete scoring, placement, safety, and scaling regression contracts
backend/internal/routing/sample_time_order_test.go	a48fda72d9b85e1dd50dbf2f88104b65dc6e0b5c354cba3fb9b01bcd8689ac7b	reviewed	Read complete scoring, placement, safety, and scaling regression contracts
backend/internal/routing/scaling_budget_test.go	ebf5b61e60e2f3aad1a63963b28044cc95591aa087b585b4afee944d75dfeead	reviewed	Read complete scoring, placement, safety, and scaling regression contracts
backend/internal/routing/scheduling_safety_test.go	81e3e91011f102f41a313e034d71683cf8a8aba4dd75bf345f11fd8b755ecdf9	reviewed	Read complete scoring, placement, safety, and scaling regression contracts
backend/internal/routing/scoring.go	cebed0a244fe6d74afd8417ecc7d7f5e32c310a53a65270649a424e90ccc4392	fixed	批量分类复用已验证评分配置；1000样本基准7.333ms/1.669MB降至2.232ms/90.97KB；routing普通包和__tests__完整race通过
backend/internal/routing/scoring_test.go	985e3b590065d4d01ddce84516d02ac5143f6bac117f0b2716e1e4808ef8b616	reviewed	Read complete scoring, placement, safety, and scaling regression contracts
backend/internal/routing/service.go	68a453ddb0621d460f2d0dcc93c34feb50013a711e45e7c7fa828b8194fa4eaa	fixed	Stable group IDs and exact decimal equality prevent incorrect control release; real SQLite regression reproduced failures
backend/internal/routing/service_test.go	ff9ea275656fb29f7085b8cbdd90ddf7b546567217cba0d4f924171052e716e0	reviewed	Read complete scoring, placement, safety, and scaling regression contracts
backend/internal/routingwrite/__tests__/baseline_lookup_test.go	f1c21d0fcbfd0d8208910cec91f3d23a5a69b576e375d5b04e4f04abad76e707	fixed	Release baseline uses indexed account lookup eliminating per-account complete baseline scans; batch behavior regression and routingwrite race passed.
backend/internal/routingwrite/__tests__/load_factor_test.go	2cae7a3adac29664b5c353b95f611d8e9eaec656ae69bf34ad89699b79319586	reviewed	Read complete coordinator, writeback, restoration, cancellation, and isolation implementation and tests
backend/internal/routingwrite/batch.go	0d0fcd43a21f65b8d67b0a6466ee7cc162e15f42d1f9020636a084ca4199244d	reviewed	Read complete coordinator, writeback, restoration, cancellation, and isolation implementation and tests
backend/internal/routingwrite/batch_test.go	5ac030506f1f2c1bcf334d31c82d940c0e5f54d91a06442cad5e70539e83e154	reviewed	Read complete coordinator, writeback, restoration, cancellation, and isolation implementation and tests
backend/internal/routingwrite/runtime_mode_test.go	7d4e1f081d5f4e1ae6592b3dac265267903f80ffa8d25af855362158297dc35d	reviewed	Read complete coordinator, writeback, restoration, cancellation, and isolation implementation and tests
backend/internal/routingwrite/service.go	f53e05a8b31d05bb3e4a3ab4398cfca77117e666a412768d181eba0556e9d52e	fixed	Release baseline uses indexed account lookup eliminating per-account complete baseline scans; batch behavior regression and routingwrite race passed.
backend/internal/routingwrite/service_test.go	c717bba03ceb39bca1c6d9d092e484545ee38fc8e8d90200281f4a00058cd71f	reviewed	Read complete coordinator, writeback, restoration, cancellation, and isolation implementation and tests
backend/internal/systeminfo/collector.go	5284130b9c253acdee66084b42a56f527c0479d959283f1cea0ed1d092168c21	reviewed	Reviewed complete source and tests: target identity pinning, configuration validation, diagnostic redaction, host metric accounting; no new confirmed issue.
backend/internal/systeminfo/collector_test.go	5f94f3b541c7915da6c7bc7903c2cd942a51eac57a1bcf8c9a3ed2f459965d4d	reviewed	Reviewed complete source and tests: target identity pinning, configuration validation, diagnostic redaction, host metric accounting; no new confirmed issue.
backend/internal/targetguard/guard.go	9036a27bbe2a36e43850f3c2c9f4c39cc43b4d4cffd768271ec8706ca40fc85d	reviewed	Reviewed complete source and tests: target identity pinning, configuration validation, diagnostic redaction, host metric accounting; no new confirmed issue.
backend/internal/targetguard/guard_test.go	eed07b3f883f12ce15d484de4611d52e2141cc2ac8cf45884577d2038c309ba0	reviewed	Reviewed complete source and tests: target identity pinning, configuration validation, diagnostic redaction, host metric accounting; no new confirmed issue.
backend/internal/upstreamauth/client.go	e0b86bca8b0ca099db618ff61620470b8e111c37ccdd3bea9fb9e5cda8b8b771	reviewed	Full source and regression review: authentication modes, login agreement fallback, refresh-cookie exchange, response limits and redaction, public platform detection and no cross-origin redirects; no new confirmed issue.
backend/internal/upstreamauth/client_test.go	4f1b87aa37ead636f4f6e59b9525bb9dbee0520b10d2e11f32dbb7040c55127b	reviewed	Full source and regression review: authentication modes, login agreement fallback, refresh-cookie exchange, response limits and redaction, public platform detection and no cross-origin redirects; no new confirmed issue.
backend/internal/upstreamdetect/service.go	4aca1943645e1502d735d3bb54b669895b24e6351af5a0037c789e36363c0f10	reviewed	Full source and regression review: authentication modes, login agreement fallback, refresh-cookie exchange, response limits and redaction, public platform detection and no cross-origin redirects; no new confirmed issue.
backend/internal/upstreamdetect/service_test.go	e9d28ac5ae460888785059f4b6b0708b347b0215d5680e3675f6ef3ce32bc1b8	reviewed	Full source and regression review: authentication modes, login agreement fallback, refresh-cookie exchange, response limits and redaction, public platform detection and no cross-origin redirects; no new confirmed issue.
backend/internal/upstreamsync/__tests__/balance_alerts_test.go	1ff2ea062aa2867c9aa04c69c4c682455db588d7dcc5406c5c8e06f963aeae7f	reviewed	Read upstream catalog pagination, key creation uncertainty/reconciliation, authentication, stable billing IDs, concurrent sync/leases and alert integration regressions.
backend/internal/upstreamsync/__tests__/decimal_validation_test.go	2fa3319c8804991b7dc3f08d05437baf67202edd3de5b8bd748dca10bf0e5c98	fixed	Bound upstream decimals with existing decimalutil.Parse; fraction, hexadecimal, underscore and oversized exponent balance fixtures failed before fix; full upstreamsync race tests pass.
backend/internal/upstreamsync/billing.go	b4268cf6ffed571742d22f00d831f39193ab8e5157095c5ff5cb364ec44f207d	reviewed	Read upstream catalog pagination, key creation uncertainty/reconciliation, authentication, stable billing IDs, concurrent sync/leases and alert integration regressions.
backend/internal/upstreamsync/billing_identity_test.go	c17b7ec7edd9f9a4ff4c965ddb086d28afb97f7fe8ee7ee6ab6008ba839c830d	reviewed	Read upstream catalog pagination, key creation uncertainty/reconciliation, authentication, stable billing IDs, concurrent sync/leases and alert integration regressions.
backend/internal/upstreamsync/billing_test.go	2484adee98d9b9ecd53b3ae8b72150e7b600bb0398f8cbd706ffa53bee640b69	reviewed	Read upstream catalog pagination, key creation uncertainty/reconciliation, authentication, stable billing IDs, concurrent sync/leases and alert integration regressions.
backend/internal/upstreamsync/client.go	faca031bf5457c3b37889e69c5d43d304394ac35fd248e358780c21a59af527d	fixed	Bound upstream decimals with existing decimalutil.Parse; fraction, hexadecimal, underscore and oversized exponent balance fixtures failed before fix; full upstreamsync race tests pass.
backend/internal/upstreamsync/client_test.go	afe130a63845ade35ff2a7042ae0134cfd82c4ed87d6212ad288bb6b23c5a7ec	reviewed	Read upstream catalog pagination, key creation uncertainty/reconciliation, authentication, stable billing IDs, concurrent sync/leases and alert integration regressions.
backend/internal/upstreamsync/key_pagination_test.go	1d9822e7ec6a53cdc59e770736789e08d9c77c7e30dc066d7467942ed52faf84	reviewed	Read upstream catalog pagination, key creation uncertainty/reconciliation, authentication, stable billing IDs, concurrent sync/leases and alert integration regressions.
backend/internal/upstreamsync/service.go	f914002b9f85b6c1b8175a9ece77b8e21fc28f2db85c544a6680c3fea14ac6b2	reviewed	Read upstream catalog pagination, key creation uncertainty/reconciliation, authentication, stable billing IDs, concurrent sync/leases and alert integration regressions.
backend/internal/upstreamsync/service_test.go	ea83cf86257ae9a866ff2878ee2518e996fdf19d44474f27e23bbb2ddff0c511	reviewed	Read upstream catalog pagination, key creation uncertainty/reconciliation, authentication, stable billing IDs, concurrent sync/leases and alert integration regressions.
backend/internal/uptimekuma/__tests__/option_validation_test.go	e45c05678823be83d2b777371ac8085f1a207b4b9de1e4d2739c045ac803fd57	fixed	HTTP method and DNS record-type validation use exact enum membership, rejecting combined values such as GET|POST and A|AAAA; public template-save regression failed before fix, package race passed.
backend/internal/uptimekuma/maintenance.go	3e6fe001c348f8dd1619d821259d8e02e2a7e14f38d241d263d84a9a989ba6fc	reviewed	Full source/tests review: Socket.IO acknowledgements and no replay, metric identity, monitor version conflicts, parent-cycle guards, notification/maintenance/status-page association contracts, private template summaries and authenticated details, credential retention, body encoding/model override.
backend/internal/uptimekuma/metrics.go	39433ff8fe382084d7e5d4bec8c03b04c1d66fd6ed9cfad45a44586161050768	reviewed	Full source/tests review: Socket.IO acknowledgements and no replay, metric identity, monitor version conflicts, parent-cycle guards, notification/maintenance/status-page association contracts, private template summaries and authenticated details, credential retention, body encoding/model override.
backend/internal/uptimekuma/metrics_test.go	ec69408064408a6284f5ffb4571afe3debd2054e10b8e575a6661e8e47054410	reviewed	Full source/tests review: Socket.IO acknowledgements and no replay, metric identity, monitor version conflicts, parent-cycle guards, notification/maintenance/status-page association contracts, private template summaries and authenticated details, credential retention, body encoding/model override.
backend/internal/uptimekuma/monitor_auth.go	b4e5a358b24bbb870dc7310eee9b014cc59594ae768c349be4c19acce80923c9	reviewed	Full source/tests review: Socket.IO acknowledgements and no replay, metric identity, monitor version conflicts, parent-cycle guards, notification/maintenance/status-page association contracts, private template summaries and authenticated details, credential retention, body encoding/model override.
backend/internal/uptimekuma/monitor_options.go	65adb11556b892212caa65c5b60927b3fd3062fe4472bf8e9ea6dcd2247a1d82	fixed	HTTP method and DNS record-type validation use exact enum membership, rejecting combined values such as GET|POST and A|AAAA; public template-save regression failed before fix, package race passed.
backend/internal/uptimekuma/monitor_options_test.go	74df23b75dfaf1a1c1cd4937edbeca25a8c05297be2fefa4c9d037d9d66783ae	reviewed	Full source/tests review: Socket.IO acknowledgements and no replay, metric identity, monitor version conflicts, parent-cycle guards, notification/maintenance/status-page association contracts, private template summaries and authenticated details, credential retention, body encoding/model override.
backend/internal/uptimekuma/monitor_template.go	38093e97397d5b8ff375c36583d5eb367ff8a05d55897133b4d4907fa7dd1cbd	reviewed	Full source/tests review: Socket.IO acknowledgements and no replay, metric identity, monitor version conflicts, parent-cycle guards, notification/maintenance/status-page association contracts, private template summaries and authenticated details, credential retention, body encoding/model override.
backend/internal/uptimekuma/monitors.go	ac5edfe47d04ef3e5edd73e5e52f2739d19752602cbb145d227d50f4fab26f4e	reviewed	Full source/tests review: Socket.IO acknowledgements and no replay, metric identity, monitor version conflicts, parent-cycle guards, notification/maintenance/status-page association contracts, private template summaries and authenticated details, credential retention, body encoding/model override.
backend/internal/uptimekuma/notifications.go	13dd98c74492ccf5b1377d29b43efc56d5d0520e58acac45d135c544073c9b49	reviewed	Full source/tests review: Socket.IO acknowledgements and no replay, metric identity, monitor version conflicts, parent-cycle guards, notification/maintenance/status-page association contracts, private template summaries and authenticated details, credential retention, body encoding/model override.
backend/internal/uptimekuma/push.go	0341c99be26422339b60c52425db357f13bd4f64914f373eeb2baae9e2e5e6c2	reviewed	Full source/tests review: Socket.IO acknowledgements and no replay, metric identity, monitor version conflicts, parent-cycle guards, notification/maintenance/status-page association contracts, private template summaries and authenticated details, credential retention, body encoding/model override.
backend/internal/uptimekuma/push_test.go	1b7f089605fc9f6887649748cdaefc5cefe2558cb5e740e881717b62045e46cd	reviewed	Full source/tests review: Socket.IO acknowledgements and no replay, metric identity, monitor version conflicts, parent-cycle guards, notification/maintenance/status-page association contracts, private template summaries and authenticated details, credential retention, body encoding/model override.
backend/internal/uptimekuma/resource_contract_test.go	5fba0793af44aee6161ca30676524e3fddcc23328ed31e5cc0f6cd2b6276c360	reviewed	Full source/tests review: Socket.IO acknowledgements and no replay, metric identity, monitor version conflicts, parent-cycle guards, notification/maintenance/status-page association contracts, private template summaries and authenticated details, credential retention, body encoding/model override.
backend/internal/uptimekuma/resources.go	6e9b48abc9306f2c5adadd1d98a4ae1da05e08532713a6740cf05022fd7fc75e	reviewed	Full source/tests review: Socket.IO acknowledgements and no replay, metric identity, monitor version conflicts, parent-cycle guards, notification/maintenance/status-page association contracts, private template summaries and authenticated details, credential retention, body encoding/model override.
backend/internal/uptimekuma/resources_test.go	c4e85fcdac8d8d008515d7f696fff4c5052c7709bd877f7c687f906f136acbc2	reviewed	Full source/tests review: Socket.IO acknowledgements and no replay, metric identity, monitor version conflicts, parent-cycle guards, notification/maintenance/status-page association contracts, private template summaries and authenticated details, credential retention, body encoding/model override.
backend/internal/uptimekuma/resources_types.go	1552d2a55647b2159780b86057cd6713fe94495632e29d01617b30d2a20187f5	reviewed	Full source/tests review: Socket.IO acknowledgements and no replay, metric identity, monitor version conflicts, parent-cycle guards, notification/maintenance/status-page association contracts, private template summaries and authenticated details, credential retention, body encoding/model override.
backend/internal/uptimekuma/service.go	902999b4e9fd23fd063e5b8d9b9e28d638dc755c2f747c390265aa650578f80c	reviewed	Full source/tests review: Socket.IO acknowledgements and no replay, metric identity, monitor version conflicts, parent-cycle guards, notification/maintenance/status-page association contracts, private template summaries and authenticated details, credential retention, body encoding/model override.
backend/internal/uptimekuma/service_test.go	08b3f31637235ba854b42a3d81c9aee7d359f08bbb30bb08a34d83ebe5e3e691	reviewed	Full source/tests review: Socket.IO acknowledgements and no replay, metric identity, monitor version conflicts, parent-cycle guards, notification/maintenance/status-page association contracts, private template summaries and authenticated details, credential retention, body encoding/model override.
backend/internal/uptimekuma/socket.go	84326703861f33d14d9a153e11e75146196ff310f102940d072afd1084c1eb33	reviewed	Full source/tests review: Socket.IO acknowledgements and no replay, metric identity, monitor version conflicts, parent-cycle guards, notification/maintenance/status-page association contracts, private template summaries and authenticated details, credential retention, body encoding/model override.
backend/internal/uptimekuma/socket_test.go	a2b06df24d0b2ab3989dd0d5f65fbaf4be031c88b200786ca064f3fb1035a563	reviewed	Full source/tests review: Socket.IO acknowledgements and no replay, metric identity, monitor version conflicts, parent-cycle guards, notification/maintenance/status-page association contracts, private template summaries and authenticated details, credential retention, body encoding/model override.
backend/internal/uptimekuma/status_pages.go	57b2f353a3c38114d0a93128d1df55bec76c1257ee1b2bc196c54e7fe9b90487	reviewed	Full source/tests review: Socket.IO acknowledgements and no replay, metric identity, monitor version conflicts, parent-cycle guards, notification/maintenance/status-page association contracts, private template summaries and authenticated details, credential retention, body encoding/model override.
backend/internal/uptimekuma/tasks.go	45361f050992d3256e6cd2274dc4450021e54f3d3d9eb5eadd53548982b23ef3	reviewed	Full source/tests review: Socket.IO acknowledgements and no replay, metric identity, monitor version conflicts, parent-cycle guards, notification/maintenance/status-page association contracts, private template summaries and authenticated details, credential retention, body encoding/model override.
backend/internal/uptimekuma/tasks_test.go	d1ebbbc8e9a486fe75c606b146da06c542c438f78ee131b8039c38835a297bba	reviewed	Full source/tests review: Socket.IO acknowledgements and no replay, metric identity, monitor version conflicts, parent-cycle guards, notification/maintenance/status-page association contracts, private template summaries and authenticated details, credential retention, body encoding/model override.
backend/internal/uptimekuma/template_model.go	6e4274acbd19b6d63a8ba808271bb5c105114e2d230b14069d209885ad60f504	reviewed	Full source/tests review: Socket.IO acknowledgements and no replay, metric identity, monitor version conflicts, parent-cycle guards, notification/maintenance/status-page association contracts, private template summaries and authenticated details, credential retention, body encoding/model override.
backend/internal/uptimekuma/template_monitoring_test.go	f7fa3b1a8f4b244af794531e0c638d73a5cad04a274885afbf91309d967e7897	reviewed	Full source/tests review: Socket.IO acknowledgements and no replay, metric identity, monitor version conflicts, parent-cycle guards, notification/maintenance/status-page association contracts, private template summaries and authenticated details, credential retention, body encoding/model override.
backend/internal/uptimekuma/template_profiles.go	ae13b80ec32d6ce4584bc6965fbf53ad4d9c45448fd5f4e7b8f5d0ca17fd8f3b	reviewed	Full source/tests review: Socket.IO acknowledgements and no replay, metric identity, monitor version conflicts, parent-cycle guards, notification/maintenance/status-page association contracts, private template summaries and authenticated details, credential retention, body encoding/model override.
backend/internal/uptimekuma/template_profiles_test.go	fe6dc67c2c6babd7b662069473269531a99e87fd03823552167ebd03be6ce243	reviewed	Full source/tests review: Socket.IO acknowledgements and no replay, metric identity, monitor version conflicts, parent-cycle guards, notification/maintenance/status-page association contracts, private template summaries and authenticated details, credential retention, body encoding/model override.
backend/internal/uptimekuma/templates.go	4baeff04b0a1cc7c00669368a778b2a0fa2542f346708a3d0ef7074cd8119d52	reviewed	Full source/tests review: Socket.IO acknowledgements and no replay, metric identity, monitor version conflicts, parent-cycle guards, notification/maintenance/status-page association contracts, private template summaries and authenticated details, credential retention, body encoding/model override.
backend/internal/uptimekuma/templates_test.go	98f7c0568119fa252fec7d7261f40ab653901ba93b3d71b45e992f398675d5f0	reviewed	Full source/tests review: Socket.IO acknowledgements and no replay, metric identity, monitor version conflicts, parent-cycle guards, notification/maintenance/status-page association contracts, private template summaries and authenticated details, credential retention, body encoding/model override.
backend/internal/uptimekuma/types.go	6b10fcc0482352d02617bfe317605ed9a5b007f1362da960d0fa1045c836b5ab	reviewed	Full source/tests review: Socket.IO acknowledgements and no replay, metric identity, monitor version conflicts, parent-cycle guards, notification/maintenance/status-page association contracts, private template summaries and authenticated details, credential retention, body encoding/model override.
backend/internal/workbenchprovider/__tests__/http_test.go	f68c5f806aeb487bcbe53783610ca044e05e2d4804afd0cf3549eaeec3b99817	reviewed	Full review: external HTTP public-address and redirect boundary, no purchase replay, provider business envelopes, mailbox freshness and credential rotation, SMS order ownership and custom number claims; isolated tests inspected.
backend/internal/workbenchprovider/__tests__/mail_microsoft_test.go	b9a7d9fe494f2092d6d662de3d150e65af76e9d0ca0afd0473288c3b37cad248	reviewed	Full review: external HTTP public-address and redirect boundary, no purchase replay, provider business envelopes, mailbox freshness and credential rotation, SMS order ownership and custom number claims; isolated tests inspected.
backend/internal/workbenchprovider/__tests__/mail_parse_test.go	baf10c6cf7d9cd8fd66d76612e56824c6debe3206f2a5ae00b1939337cff3284	reviewed	Full review: external HTTP public-address and redirect boundary, no purchase replay, provider business envelopes, mailbox freshness and credential rotation, SMS order ownership and custom number claims; isolated tests inspected.
backend/internal/workbenchprovider/__tests__/mail_test.go	3746728c598cbefcc5057ff1cacea81f79cacd5ff8b8009d6ddf17fd68d54c25	reviewed	Full review: external HTTP public-address and redirect boundary, no purchase replay, provider business envelopes, mailbox freshness and credential rotation, SMS order ownership and custom number claims; isolated tests inspected.
backend/internal/workbenchprovider/__tests__/mail_timestamp_test.go	1cfab79a23ff68a808b1b3f2568ab38d55a2c9c21cec81b8b1648f2f95692388	fixed	Accept date-leading plaintext mail after failing regression; parse timestamps once per text and binary-search nearest valid time, removing quadratic scanning. 1000-code benchmark 2.245s/152MB to 39ms/2.11MB; package race passed.
backend/internal/workbenchprovider/__tests__/sms_acquire_test.go	9470238e7008531d7fc4bc8b35d1aea40ee2453f2a714a4fee62ca20e895a73d	reviewed	Full review: external HTTP public-address and redirect boundary, no purchase replay, provider business envelopes, mailbox freshness and credential rotation, SMS order ownership and custom number claims; isolated tests inspected.
backend/internal/workbenchprovider/__tests__/sms_bower_test.go	3208ff1e2cb4d84e58edfd93d3afa99f8c8b6e5871e279eb91ea203d2b5f2dd0	reviewed	Full review: external HTTP public-address and redirect boundary, no purchase replay, provider business envelopes, mailbox freshness and credential rotation, SMS order ownership and custom number claims; isolated tests inspected.
backend/internal/workbenchprovider/__tests__/sms_custom_test.go	407e189326433754e1cf3088077aefaa3b35971736f81db2b6572ab1bb210221	reviewed	Full review: external HTTP public-address and redirect boundary, no purchase replay, provider business envelopes, mailbox freshness and credential rotation, SMS order ownership and custom number claims; isolated tests inspected.
backend/internal/workbenchprovider/__tests__/sms_journal_test.go	edd9719816e5794954285ee5e0da62cf5691ecb0e28877d75ea0aff96157ba03	reviewed	Reviewed durable SMS submitted/outcome receipts, single-shot writes, read-only restoration and cancellation-safe journal outcomes.
backend/internal/workbenchprovider/__tests__/sms_luban_test.go	7f86a85a138f8c87f519bc68746fa374d71cf8908c944c05cdc0a885ac4c102a	reviewed	Full review: external HTTP public-address and redirect boundary, no purchase replay, provider business envelopes, mailbox freshness and credential rotation, SMS order ownership and custom number claims; isolated tests inspected.
backend/internal/workbenchprovider/http.go	ee2e30887f4d1a4b05b637057706220074c72d08717b8a16e227cb619c95e331	reviewed	Full review: external HTTP public-address and redirect boundary, no purchase replay, provider business envelopes, mailbox freshness and credential rotation, SMS order ownership and custom number claims; isolated tests inspected.
backend/internal/workbenchprovider/mail.go	c86f14a5d0e7beba94249c2c37100d35ab346b8765e9d2ca7f9fb25ae1a5124f	reviewed	Full review: external HTTP public-address and redirect boundary, no purchase replay, provider business envelopes, mailbox freshness and credential rotation, SMS order ownership and custom number claims; isolated tests inspected.
backend/internal/workbenchprovider/mail_microsoft.go	27d55f0bb20b26d5350b573acbb4edc470a814393726a06b9dc019e2e3053f69	reviewed	Full review: external HTTP public-address and redirect boundary, no purchase replay, provider business envelopes, mailbox freshness and credential rotation, SMS order ownership and custom number claims; isolated tests inspected.
backend/internal/workbenchprovider/mail_parse.go	27c47e4750c957df9a896807d120ad0700cf8c4bf3dc18ae538765de2995d842	fixed	Accept date-leading plaintext mail after failing regression; parse timestamps once per text and binary-search nearest valid time, removing quadratic scanning. 1000-code benchmark 2.245s/152MB to 39ms/2.11MB; package race passed.
backend/internal/workbenchprovider/sms.go	d46c203e3c796a57f2c040aef7b13e39b43e35436d85f3e4d8cdf7cd72d5f874	reviewed	Reviewed durable SMS submitted/outcome receipts, single-shot writes, read-only restoration and cancellation-safe journal outcomes.
backend/internal/workbenchprovider/sms_bower.go	be823f44f8b5d8f1b2dbce46807a903452741fffef533bfc147a2825a384105e	reviewed	Full review: external HTTP public-address and redirect boundary, no purchase replay, provider business envelopes, mailbox freshness and credential rotation, SMS order ownership and custom number claims; isolated tests inspected.
backend/internal/workbenchprovider/sms_custom.go	ca35fea8db6e65ae70573bd9001b0e149341e2ca636311f102f559ba62c39afd	reviewed	Full review: external HTTP public-address and redirect boundary, no purchase replay, provider business envelopes, mailbox freshness and credential rotation, SMS order ownership and custom number claims; isolated tests inspected.
backend/internal/workbenchprovider/sms_journal.go	25f2e33a76c021ea281a5b3cd115211c4cf11eaae85702fbd10de53fbcb0ad8f	reviewed	Reviewed durable SMS submitted/outcome receipts, single-shot writes, read-only restoration and cancellation-safe journal outcomes.
backend/internal/workbenchprovider/sms_luban.go	91a884dd64a608c333dd0549d06a840d1f89dc1b2c11472f4ff0bab3e7853a76	reviewed	Full review: external HTTP public-address and redirect boundary, no purchase replay, provider business envelopes, mailbox freshness and credential rotation, SMS order ownership and custom number claims; isolated tests inspected.
