backend/internal/accountdelete/runtime_mode_test.go	13ad4719781d6f16fff9e28dcf25dbd490111f234d9c3ef446554661d1d03091	reviewed	已全文审查单账号及批量双端删除的稳定范围、Key独占复核、管理目标凭据复核和取消后审计；未发现需新增修复的问题
backend/internal/accountdelete/service_test.go	203ce48e6089131b4ff68d00955bfcd89f13034b9d9b0aa2b6912c69cbbe756c	reviewed	已全文审查单账号及批量双端删除的稳定范围、Key独占复核、管理目标凭据复核和取消后审计；未发现需新增修复的问题
backend/internal/accountdelete/service.go	603dac5c67fd335a3da52a31dccdbf888a2d8f508c6a6372c06b04c4cb75d447	reviewed	已全文审查单账号及批量双端删除的稳定范围、Key独占复核、管理目标凭据复核和取消后审计；未发现需新增修复的问题
backend/internal/accountops/__tests__/decimal_input_test.go	8d4a4d3e2013965cf920e8592b3689624d51371b16be6a36d71d32ff86bfb49f	fixed	普通设置排队和执行均拒绝人工保留优先级；数值统一有限长度和指数的十进制解析；模型发现取得锁后复核人工保护；回归先失败后修复
backend/internal/accountops/__tests__/model_discovery_protection_test.go	8b5116e203e17d48204b6cf49e2baba80169cba4d5b9cf852b82404edbc038ef	fixed	普通设置排队和执行均拒绝人工保留优先级；数值统一有限长度和指数的十进制解析；模型发现取得锁后复核人工保护；回归先失败后修复
backend/internal/accountops/__tests__/settings_fixture_test.go	02991500373b488af5d1a7bf0d9c5f3d063bf3decff013ae47df15258a4ea15d	fixed	普通设置排队和执行均拒绝人工保留优先级；数值统一有限长度和指数的十进制解析；模型发现取得锁后复核人工保护；回归先失败后修复
backend/internal/accountops/__tests__/settings_priority_test.go	bea2bbdb80956349dfeb016ff1fc81c1ed7ff5fa40c6ce204a1557dc3b74a6d0	fixed	普通设置排队和执行均拒绝人工保留优先级；数值统一有限长度和指数的十进制解析；模型发现取得锁后复核人工保护；回归先失败后修复
backend/internal/accountops/field_protection_test.go	fb08167aa86ff9edf6037d7eb88a563c80249372ec4a7a21142916421b10a032	reviewed	已全文审查账号远端写入读回、模型映射与池模式同步、保护状态和取消、局部回滚及隔离测试
backend/internal/accountops/manual_priority_rollback_test.go	37507054a463b1a7c771f769d7fe2cbd94e8287dc41d80f26417bd537861bb87	reviewed	已全文审查账号远端写入读回、模型映射与池模式同步、保护状态和取消、局部回滚及隔离测试
backend/internal/accountops/model_sync_test.go	5458a2df9f788d36f3a27c8e34e77514f2961501424ae362b01818495835cb6f	reviewed	已全文审查账号远端写入读回、模型映射与池模式同步、保护状态和取消、局部回滚及隔离测试
backend/internal/accountops/model_sync.go	582767ce5d81a1b47a8e9977c2372620777c312a2716654924cafbbbe6aca5f0	fixed	普通设置排队和执行均拒绝人工保留优先级；数值统一有限长度和指数的十进制解析；模型发现取得锁后复核人工保护；回归先失败后修复
backend/internal/accountops/model_write_result_test.go	234421918055dd317fa004177c57a1cbe06b3efc6248f4713c64a0763bae87cc	reviewed	已全文审查账号远端写入读回、模型映射与池模式同步、保护状态和取消、局部回滚及隔离测试
backend/internal/accountops/pool_mode_protection_test.go	679d408476736d512830859fa2fe4246ec9ad8a8d2e824967bb11c6794e5ed7a	reviewed	已全文审查账号远端写入读回、模型映射与池模式同步、保护状态和取消、局部回滚及隔离测试
backend/internal/accountops/pool_mode_sync_test.go	5adc519c9d7f8f33b60bb8a3e90d6c427e0cad02b4296cd0b08431ac4a25690c	reviewed	已全文审查账号远端写入读回、模型映射与池模式同步、保护状态和取消、局部回滚及隔离测试
backend/internal/accountops/pool_mode_sync.go	4675dd5e4cd0cfa06fa62c324bd67a73b116024f9105a77718acbbe456fa2665	reviewed	已全文审查账号远端写入读回、模型映射与池模式同步、保护状态和取消、局部回滚及隔离测试
backend/internal/accountops/service_test.go	5277a0c00b005e273f0b78d7e23446ae6d97d074ccd6dcbf1dcaae9133de99a8	reviewed	已全文审查账号远端写入读回、模型映射与池模式同步、保护状态和取消、局部回滚及隔离测试
backend/internal/accountops/service.go	08f033ce4f6ac681a8d1b1e99fa061b1f8fd4d9d7cfdbe8721160e1ab63be635	fixed	普通设置排队和执行均拒绝人工保留优先级；数值统一有限长度和指数的十进制解析；模型发现取得锁后复核人工保护；回归先失败后修复
backend/internal/alerting/service_test.go	96e9c20e47a170484dd41bd45e508b91f8b1f3e4222574e63a7697933c0ae0d2	reviewed	完整读取；核对告警串行评估、QQBot事件消息类型、重定向拒绝、响应上限、取消与凭据白名单以及隔离HTTP/WebSocket回归
backend/internal/alerting/service.go	7c9c8d10c22f88e5b614e5c49456c8ac975b518317ef5529ce58e84de9efe9ed	reviewed	完整读取；核对告警串行评估、QQBot事件消息类型、重定向拒绝、响应上限、取消与凭据白名单以及隔离HTTP/WebSocket回归
backend/internal/business/__tests__/account_deletion_policy_test.go	15ca33df34493f3ff22a10d4a3a78cfda9300b50de2bd5628b048f7604cb7ada	fixed	失败回归确认失效绑定与上游级联删除遗留账号模型及调度scope引用；现同事务批量清理且保留其他账号，相关race通过
backend/internal/business/__tests__/account_model_policy_test.go	3084c42c29a6d6a8e73a9b0efd7a31e226aac0c5c120e953b367d95c1c5bb566	fixed	账号探测模型写入遇缺失策略记录panic；失败回归后增加显式拒绝，确认不记录成功审计
backend/internal/business/__tests__/account_projection_benchmark_test.go	7ac498766cd3615894f2c1cbfce45630a1d544c8b878b2320193cfddeed55d1d	fixed	监控模式零阈值与停用账号状态失败回归修复；账号元数据重复解析优化基准76.230ms/34.58MB降至19.296ms/8.51MB，相关race通过
backend/internal/business/__tests__/alert_rule_disabling_test.go	769b346df0daed14290911aaea963d9b1b9cf5060ce4cb0f8c1e74fe0ba0ee0b	fixed	回归证实并修复停用熔断规则遗漏绑定失效告警、停用降级子类型遗漏待发送恢复通知
backend/internal/business/__tests__/animation_configuration_test.go	0da00fa87dfa4d490d6afca17d2c2f646c63632ced09bdee98d3a04aaf9019ad	reviewed	完整读取；核对模型目录预览指纹、阻止规则、已启用模型保留、画像/动画独立持久化与脱敏审计及回归；模型目录逐ID查询待合并性能评估
backend/internal/business/__tests__/inspection_state_test.go	d5f5391f49f789afcdac274d91b53cdb6a38b82dba9b061df2cbfe13a0c3c88a	fixed	拒绝过期巡检租约续期；损坏或null调度时间记录明确报错，避免提前重跑及nil map panic；相关race通过
backend/internal/business/__tests__/monitoring_projection_test.go	d6af4d425f6e02488c3e01e9f5b24828ca8b5bdf24d4bf44c0a9ad6cd13b5264	fixed	监控模式零阈值与停用账号状态失败回归修复；账号元数据重复解析优化基准76.230ms/34.58MB降至19.296ms/8.51MB，相关race通过
backend/internal/business/__tests__/pricing_policy_test.go	bbd9d7e8b7cf8af58744c240dc49f5362c77aa7ba12e8eb2880adde01d509d88	reviewed	核查巡检历史、探活结果持久化和样本保留、价格分组目录与备份、精确小数策略及已有回归
backend/internal/business/__tests__/routing_connection_test.go	70be2c5e1e290f55a575cdab72548e1ef321109163077dbd9970d4cd27c83386	fixed	修复RoutingAccounts损坏元数据早退泄漏结果集导致8个reader连接耗尽；先失败后通过且相关race通过
backend/internal/business/__tests__/schema_initialization_test.go	1b1f4d99711539d576b5e53b3d77643c840a1edfd250384da9d35b74cdd1c3e3	reviewed	完整读取；核对账号状态统一映射、上游限制与恢复说明、模型交集、字典稳定ID、删除残余策略引用、版本冲突及回归
backend/internal/business/__tests__/traffic_ranking_group_test.go	964dcbed428d5d76cd13237de078fb9a25f183b41b17383deab8d05ab84b7aa9	reviewed	核查流量窗口边界、账号请求去重、分组提前过滤、限额延迟抽样和缺失用量语义，现有回归覆盖
backend/internal/business/__tests__/traffic_ranking_window_test.go	eefb94f1a72a45efbb550fa04f5b61eb524d15f6666f418bc0ff21b5e8b898eb	reviewed	核查流量窗口边界、账号请求去重、分组提前过滤、限额延迟抽样和缺失用量语义，现有回归覆盖
backend/internal/business/__tests__/upstream_sync_concurrency_test.go	d47c6f485c275001581d5530aa8fc417ff38ec2fc7514ec475af14530d19687b	reviewed	完整读取；核对稳定身份目录同步、部分与完整快照边界、余额和鉴权独立更新、并发与回滚测试
backend/internal/business/account_block.go	d4636d852d1f0a8ddc266fa3aef0e87c1a57ce37290496fba257213dd4694374	reviewed	完整读取；核对账号状态统一映射、上游限制与恢复说明、模型交集、字典稳定ID、删除残余策略引用、版本冲突及回归
backend/internal/business/account_control_projection_test.go	d9e2e6a07c0dcae5830e8c2f450122e9e42fa1108ea0983b3761499a3bd805b0	reviewed	完整读取；核对账号手动控制、范围与模型设置、本地事务和确认回读的审计及读模型优先级回归
backend/internal/business/account_control_test.go	efae462f55fcd851d6913c60d3097229349c619dc8b2dfdbaef1b508e9f97223	reviewed	完整读取；核对账号手动控制、范围与模型设置、本地事务和确认回读的审计及读模型优先级回归
backend/internal/business/account_control.go	7c26951c6b4d3e7df22fd12190a69c06fe63ea2509fb5209f770dcf33ab4038a	fixed	账号探测模型写入遇缺失策略记录panic；失败回归后增加显式拒绝，确认不记录成功审计
backend/internal/business/account_evidence_projection_test.go	a6c37be7a100c3b10605218ef6b7f3d1d6eb430a2ba56654b91fb8edbdb54c1c	reviewed	完整读取；核对账号手动控制、范围与模型设置、本地事务和确认回读的审计及读模型优先级回归
backend/internal/business/account_maintenance_test.go	10558e5f846d6e326c00dbb63ac7c676ed5037e527af71724e172d465e6e6f24	reviewed	完整读取；核对绑定维护稳定归属、源鉴权Host倍率优先、默认参数回读和失效绑定清理；针对清理策略引用残留待补充回归确认
backend/internal/business/account_maintenance.go	b8209e4ecb8917be698f74daaed72fb1bbb46143f3547af38a50fcc379a2f228	fixed	失败回归确认失效绑定与上游级联删除遗留账号模型及调度scope引用；现同事务批量清理且保留其他账号，相关race通过
backend/internal/business/account_model_sync_test.go	f00950cd2780525b59c3215475d259e16bdbea3057c0f73657c614fe1205daf1	reviewed	完整读取；核对模型目录预览指纹、阻止规则、已启用模型保留、画像/动画独立持久化与脱敏审计及回归；模型目录逐ID查询待合并性能评估
backend/internal/business/account_model_sync.go	978f2574dc83831dd6b9173da8d11369fe51110cb65e65f98bd9643c8a571ef4	reviewed	完整读取；核对模型目录预览指纹、阻止规则、已启用模型保留、画像/动画独立持久化与脱敏审计及回归；模型目录逐ID查询待合并性能评估
backend/internal/business/account_operations_test.go	792790b7ec7a9f9c9b61987cab6eab5498f0914e94421ad1f6055ceeca90e7c2	reviewed	完整读取；核对账号读回字段/分组稳定ID、事务内投影、倍率告警方向和已确认写入审计；现有回归覆盖失败确认边界
backend/internal/business/account_operations.go	e10a03abdc2871cd2f41625fb6d82d5f062064f9350c5d6bfb7ef690851d2beb	reviewed	完整读取；核对账号读回字段/分组稳定ID、事务内投影、倍率告警方向和已确认写入审计；现有回归覆盖失败确认边界
backend/internal/business/account_recovery_test.go	b0dd95046344ee93736739ba4a65c14d980c50315091b10de2f370d578a576e6	reviewed	完整读取；核对账号状态统一映射、上游限制与恢复说明、模型交集、字典稳定ID、删除残余策略引用、版本冲突及回归
backend/internal/business/account_recovery.go	ccb64e1d94e1b22c5a9aa8d06f04d4dcbd72092aff38d71d96cfe19140da5ce1	reviewed	完整读取；核对账号状态统一映射、上游限制与恢复说明、模型交集、字典稳定ID、删除残余策略引用、版本冲突及回归
backend/internal/business/account_state_test.go	bb13c8ad970dd3cf428bc01146a4b94ca1900fa453ba1bd74522c4b84600810f	reviewed	完整读取；核对账号状态统一映射、上游限制与恢复说明、模型交集、字典稳定ID、删除残余策略引用、版本冲突及回归
backend/internal/business/account_state.go	b0ffcb07f1c8decec1e1f7a7d50e814fb771f855b22150e47770b6b6b1cae4ef	reviewed	完整读取；核对账号状态统一映射、上游限制与恢复说明、模型交集、字典稳定ID、删除残余策略引用、版本冲突及回归
backend/internal/business/alert_delivery_status_test.go	68bec0b9792699698fdfe448d5fce0c951d566780afe7c069e87098ceece7c24	reviewed	核查告警评估去重、恢复证据、同对象原因切换及通知投递状态，既有测试覆盖主要分支
backend/internal/business/alert_evaluation_test.go	b1ce74b642f274bc19b75e2747890a2bc8db84681aaf2f736921a6f67d899b2d	reviewed	核查告警评估去重、恢复证据、同对象原因切换及通知投递状态，既有测试覆盖主要分支
backend/internal/business/alert_evaluation.go	539ae7f865a62b384ade0a621c3d38eb9e39540b67060da64da64e91b2d8e892	reviewed	核查告警评估去重、恢复证据、同对象原因切换及通知投递状态，既有测试覆盖主要分支
backend/internal/business/alert_policy_test.go	47ab6b6a0e4f371bb74e45093155ccd07f8850e86a92883ef3ad7f816b7e81c0	reviewed	核查告警评估去重、恢复证据、同对象原因切换及通知投递状态，既有测试覆盖主要分支
backend/internal/business/alert_policy.go	9f0b05d8a024425c1fffc14a2a1be7a21d6b46a2680de0829335f74651a63a7d	fixed	回归证实并修复停用熔断规则遗漏绑定失效告警、停用降级子类型遗漏待发送恢复通知
backend/internal/business/alerts_test.go	800e4026cd406e62e3746251fd589b0c472eb4330bfb58217b319e8053463e42	reviewed	核查告警评估去重、恢复证据、同对象原因切换及通知投递状态，既有测试覆盖主要分支
backend/internal/business/alerts.go	ff5bdff98f747dad608e9b6cb3060004d06a235e33206e03197d6786f430b5ba	reviewed	核查告警评估去重、恢复证据、同对象原因切换及通知投递状态，既有测试覆盖主要分支
backend/internal/business/auth_recovery_identity_test.go	766b349ce309d57e9e6452cfaf9030a84a97ab9521bd61aae95b95c436e41533	reviewed	核查恢复身份匹配、退避及脱敏和人工保护只读事务；未见新增可复现缺陷
backend/internal/business/auth_recovery_test.go	02a804cc6b7fdabb5d6034f0cb7e2d2f3bd6528e804680eac9a698233252418b	reviewed	核查恢复身份匹配、退避及脱敏和人工保护只读事务；未见新增可复现缺陷
backend/internal/business/auth_recovery.go	73e165d2d9043faab98743cd74a1bd09496a4059fbdcb0246a48c29348c14862	fixed	批量恢复完整快照与单条host状态更新分离，避免重复写入覆盖较新状态；authrecovery集成回归与race通过
backend/internal/business/billing_quota_unit_test.go	4f92d4b16fecb882ca5c921c9cf21bbc4100312a84f3268a193fa3303c41eed9	reviewed	核查计费单位历史、真实流量幂等补齐与保留、分组调度聚合及对应测试；未见新增可复现问题
backend/internal/business/billing_quota_unit.go	9b4168bac18eeedead8ff5ba75ce2490c2f500e500cfb6ced9358aef688fd5f5	reviewed	核查计费单位历史、真实流量幂等补齐与保留、分组调度聚合及对应测试；未见新增可复现问题
backend/internal/business/catalog.go	0e7e61222aad807f524e99c30491fc4d4c63da14b459fee7890ba5bbd2596cdf	reviewed	完整读取；核对目录稳定身份、充值倍率精度、分组健康汇总、账号归属与未知值降级；记录读模型重复解析的优化候选
backend/internal/business/cleanup_test.go	52edf0d2e86fb65eced1f40d11e52f1ef6f9381c78c7de73e814b9c7905cdf9a	reviewed	核查删除投影稳定ID与共享Key保护、策略引用清理、人工优先位恢复和多资源租约原子性及测试
backend/internal/business/cleanup.go	fd91cd8d42d5dd22d3b446f7c1a0cfe45ba552aaf9e5f06c811072202a120cb3	fixed	失败回归确认失效绑定与上游级联删除遗留账号模型及调度scope引用；现同事务批量清理且保留其他账号，相关race通过
backend/internal/business/database_path_test.go	04309dca0bd18d83ac838de6e9b59c3e2c866cb01a624394ba5a3b4738b2ab7c	reviewed	完整读取；核对单写池与WAL只读池、首次schema事务、外键/索引、初始化拒覆盖、策略树与模式变更，以及隔离数据库回归
backend/internal/business/database.go	90fe04942ee64e60dd89943616dbd32ef6d1f3908d94c8ab07e4515f6559a969	reviewed	完整读取；核对单写池与WAL只读池、首次schema事务、外键/索引、初始化拒覆盖、策略树与模式变更，以及隔离数据库回归
backend/internal/business/decimal_input_test.go	13ae5b477225a82b2fe4dcbd00b1609eea69a1693d4532f03535495fc02728e4	reviewed	完整读取；核对单写池与WAL只读池、首次schema事务、外键/索引、初始化拒覆盖、策略树与模式变更，以及隔离数据库回归
backend/internal/business/dictionary_test.go	6b912ff20d2f17baf16de1e6318c110157b0bdd4493e2b6718f92ce881a89466	reviewed	完整读取；核对账号状态统一映射、上游限制与恢复说明、模型交集、字典稳定ID、删除残余策略引用、版本冲突及回归
backend/internal/business/dictionary.go	50ee3b1f42c5a317f9b82e2299c7de7397278accc2bb5a2e255755818df373d7	reviewed	完整读取；核对账号状态统一映射、上游限制与恢复说明、模型交集、字典稳定ID、删除残余策略引用、版本冲突及回归
backend/internal/business/evidence_group_latency_test.go	6ad2f5a1c322ad14b2f27ba79aac09796b827c22685eff114c61d126deb9426d	reviewed	核查计费单位历史、真实流量幂等补齐与保留、分组调度聚合及对应测试；未见新增可复现问题
backend/internal/business/evidence_test.go	5a907f211a5815bdc5ba407d1675ee96b766a09de73888d2e98f3e52661854c9	reviewed	核查计费单位历史、真实流量幂等补齐与保留、分组调度聚合及对应测试；未见新增可复现问题
backend/internal/business/evidence.go	d26313a9dd77b7767a58c6606f5ed864bedaa3d329b7e3fd7d571009b2b8641b	reviewed	核查计费单位历史、真实流量幂等补齐与保留、分组调度聚合及对应测试；未见新增可复现问题
backend/internal/business/group_allocation_test.go	7fc94f6bb096e923aee82963b92cefa7162d00861612a97f9fd53c6dbd0a5aac	reviewed	核查计费单位历史、真实流量幂等补齐与保留、分组调度聚合及对应测试；未见新增可复现问题
backend/internal/business/group_allocation.go	283a369584a414ed51e65da8aedd764d28701484dc0788658e76f4fa7f1d8d90	reviewed	核查计费单位历史、真实流量幂等补齐与保留、分组调度聚合及对应测试；未见新增可复现问题
backend/internal/business/group_policy_inheritance_test.go	0ea2c0823e893247a63c2eeb55cdba1ad22adbe23ed354b6ef58a7a2a28d8cca	reviewed	核查删除投影稳定ID与共享Key保护、策略引用清理、人工优先位恢复和多资源租约原子性及测试
backend/internal/business/group_policy.go	0f849fbc48a699cf84937442adfeff75a4242942aeb988731fe58a03bf9ab70b	reviewed	核查删除投影稳定ID与共享Key保护、策略引用清理、人工优先位恢复和多资源租约原子性及测试
backend/internal/business/group_probe_models_test.go	185919f8c260d0af46999a3f435bda6d2c81210121d496cbd5599e057512055e	reviewed	完整读取；核对账号状态统一映射、上游限制与恢复说明、模型交集、字典稳定ID、删除残余策略引用、版本冲突及回归
backend/internal/business/group_probe_models.go	b961dd0cf2cdbc030fcb8c28230d243a17e55f137b18a24284193b9d788cb3b8	reviewed	完整读取；核对账号状态统一映射、上游限制与恢复说明、模型交集、字典稳定ID、删除残余策略引用、版本冲突及回归
backend/internal/business/health_history.go	b34d6ec3cb62042c116b3a92a02af6b455298904e5e1dccf3bed22c526993939	reviewed	核查删除投影稳定ID与共享Key保护、策略引用清理、人工优先位恢复和多资源租约原子性及测试
backend/internal/business/health_time_order_test.go	af6f84f454b35fd0a1919f61f3cb7fce940b6fd167cda89bfa20f12c78d75288	reviewed	核查删除投影稳定ID与共享Key保护、策略引用清理、人工优先位恢复和多资源租约原子性及测试
backend/internal/business/history_test.go	3e456f4dd9ae9f12464113acf5b67407f3d63e595153e1f9e9484f5aaed9c5c0	reviewed	核查历史查询过滤、损坏JSON降级、告警清理、New API稳定分组绑定、收支目录归属；请求追踪全量账号记录列入优化候选
backend/internal/business/history.go	6741ba621a89e509a9c80cf0ddd5cc113197f95da2667ef23b9aa592ca4036ba	reviewed	核查历史查询过滤、损坏JSON降级、告警清理、New API稳定分组绑定、收支目录归属；请求追踪全量账号记录列入优化候选
backend/internal/business/inspection_test.go	a43040c3b47b8f8f8828fdc4c7a7c6eac91494c546068e54f5e75b80fa984c3e	reviewed	核查巡检历史、探活结果持久化和样本保留、价格分组目录与备份、精确小数策略及已有回归
backend/internal/business/inspection.go	0f08c9037b73bb57b8ea4b5947370b8295356bf16451d2f12bbb0292ef3a7112	fixed	拒绝过期巡检租约续期；损坏或null调度时间记录明确报错，避免提前重跑及nil map panic；相关race通过
backend/internal/business/json_input_test.go	7e05ffe75622e0eedbe939b33ed17a580dd7a224510158d43275df8d9e47b8f0	reviewed	完整读取；核对单写池与WAL只读池、首次schema事务、外键/索引、初始化拒覆盖、策略树与模式变更，以及隔离数据库回归
backend/internal/business/management_account_prune.go	8ca0ab3ab0f338bf30f4c18c32430e5383e91f42ef847d4a32a57cc3a4d783d0	reviewed	完整读取；核对账号状态统一映射、上游限制与恢复说明、模型交集、字典稳定ID、删除残余策略引用、版本冲突及回归
backend/internal/business/management_sync_test.go	b27eca41c199e963682cdc380992bea9058af20ee10e80042d0be9a991e67026	reviewed	完整读取；核对管理快照完整性、账号稳定ID、分组改名与名称复用隔离、历史冲突归并、局部字段和凭据白名单、事务回滚测试
backend/internal/business/management_sync.go	0561628f3643efd17fa49aa9578e04b0e6cac73e1254830bf0f41c229bc8c947	reviewed	完整读取；核对管理快照完整性、账号稳定ID、分组改名与名称复用隔离、历史冲突归并、局部字段和凭据白名单、事务回滚测试
backend/internal/business/manual_priority_projection.go	11bf5edee23e432cee352a6a8d8be9059cbe63eea6c8d4f9a513ab66bab4a285	reviewed	完整读取；核对账号状态统一映射、上游限制与恢复说明、模型交集、字典稳定ID、删除残余策略引用、版本冲突及回归
backend/internal/business/manual_priority_test.go	01193553c6535f29bba69598375048739965f2a4ba6001bd4a5c0c5349995270	reviewed	核查删除投影稳定ID与共享Key保护、策略引用清理、人工优先位恢复和多资源租约原子性及测试
backend/internal/business/manual_priority.go	391226611381a4ff32b93f046f28a95fec0e8f03c835748c324c920520f1260d	reviewed	核查删除投影稳定ID与共享Key保护、策略引用清理、人工优先位恢复和多资源租约原子性及测试
backend/internal/business/model_check_configuration_test.go	3404cc626d9521028d9a85c9bf275fb5587961bdb02efc22895a5c245aa85d8d	reviewed	完整读取；核对模型目录预览指纹、阻止规则、已启用模型保留、画像/动画独立持久化与脱敏审计及回归；模型目录逐ID查询待合并性能评估
backend/internal/business/model_check_configuration.go	54e2baaabd9d9267ee6b79b65d101bf88c9509e46799484eaae97c4f03c052e6	reviewed	完整读取；核对模型目录预览指纹、阻止规则、已启用模型保留、画像/动画独立持久化与脱敏审计及回归；模型目录逐ID查询待合并性能评估
backend/internal/business/mutation_lease_test.go	44943672b1da7a58db4971ab49f9a17e6aaeac7bf528433159266bafa08435a8	reviewed	核查删除投影稳定ID与共享Key保护、策略引用清理、人工优先位恢复和多资源租约原子性及测试
backend/internal/business/mutation_lease.go	0f9530a16cbefc9773d82ab0c249b029d623b0776ed7c8455ff640bb0cbff81c	reviewed	核查删除投影稳定ID与共享Key保护、策略引用清理、人工优先位恢复和多资源租约原子性及测试
backend/internal/business/mutation_protection_test.go	44df5403bb4ba8f6e5bc7b5024d76695247e08ec62b5d22b1799a43810a253dc	reviewed	核查恢复身份匹配、退避及脱敏和人工保护只读事务；未见新增可复现缺陷
backend/internal/business/mutation_protection.go	ddccece4a89dcd8ed19c95b9e889b2c369ece951aead6a1a189e28df4f2cc4bd	reviewed	核查恢复身份匹配、退避及脱敏和人工保护只读事务；未见新增可复现缺陷
backend/internal/business/newapi_management.go	05e542ac94eae6f0001ce0c85bc1f5182a55d362ed819ab1ffe2237e54838b1f	reviewed	核查历史查询过滤、损坏JSON降级、告警清理、New API稳定分组绑定、收支目录归属；请求追踪全量账号记录列入优化候选
backend/internal/business/onboarding_test.go	74c2cbccc7005fde78e8304c64ad235a9e21cdc5cf291d0fb899f59b89912dff	reviewed	完整读取；核对开户冻结意图、本地分组规范化、身份别名与Key保护、投影事务和隔离回归
backend/internal/business/onboarding.go	1c766661aa8df2e3f9dafd61244443151bb811dbbc5e6d990df6e0b4b0631880	reviewed	完整读取；核对开户冻结意图、本地分组规范化、身份别名与Key保护、投影事务和隔离回归
backend/internal/business/platform_test.go	e846fb1ae94168c32ef94b9f468acdab473c7c39a32f127ccf25d03a9b12d7a9	reviewed	完整读取；核对单写池与WAL只读池、首次schema事务、外键/索引、初始化拒覆盖、策略树与模式变更，以及隔离数据库回归
backend/internal/business/platform.go	40d96cd20d4de8d509aca93481ccc3fa4d11a2b340a6a127faec15b5d5a03727	reviewed	完整读取；核对单写池与WAL只读池、首次schema事务、外键/索引、初始化拒覆盖、策略树与模式变更，以及隔离数据库回归
backend/internal/business/policy_decimal_test.go	b82a2dd1539f7e881d1ad6d4dc2a7987b8d275815938016bd25490e4eec43757	reviewed	完整读取；核对策略版本校验、基础字段保护、高级范围和字段关系验证、轻量查询、运行历史保留及隔离回归
backend/internal/business/policy_revision_test.go	db936f325fb901cc3498238241baed87e39827ef48f56ce83b019d5cd3a1e9b3	reviewed	完整读取；核对账号状态统一映射、上游限制与恢复说明、模型交集、字典稳定ID、删除残余策略引用、版本冲突及回归
backend/internal/business/policy_revision.go	e737732a4986c5609b67504b24a3736a6c5c204bd84f79043f6ba58263e5f4f1	reviewed	完整读取；核对账号状态统一映射、上游限制与恢复说明、模型交集、字典稳定ID、删除残余策略引用、版本冲突及回归
backend/internal/business/policy_test.go	5be35c1e0a344a8a311ad8434fbd0f5da5a3b419e80b9a1bc434cd45c1a39a2d	reviewed	完整读取；核对策略版本校验、基础字段保护、高级范围和字段关系验证、轻量查询、运行历史保留及隔离回归
backend/internal/business/policy.go	45b91cafa784121a92928d3ce87f393cc9dbcb3500a0c8e9c961f7833449cd4f	reviewed	完整读取；核对策略版本校验、基础字段保护、高级范围和字段关系验证、轻量查询、运行历史保留及隔离回归
backend/internal/business/pricing_backups.go	975b341e44cdba7eb7d6cc7c057a1de582eee0b65b9fa54df000dc0cfca63552	reviewed	核查巡检历史、探活结果持久化和样本保留、价格分组目录与备份、精确小数策略及已有回归
backend/internal/business/pricing_catalog_test.go	b6cb44dd44684ba5d89e2242930f0a1f41a5c9de00ffc694e550c5e90c4b0dbb	reviewed	核查巡检历史、探活结果持久化和样本保留、价格分组目录与备份、精确小数策略及已有回归
backend/internal/business/pricing_catalog.go	87aa034c62896fa96bf8a595099d10a6d1f234ff36ff629d1bbcaf1e7922bc42	reviewed	核查巡检历史、探活结果持久化和样本保留、价格分组目录与备份、精确小数策略及已有回归
backend/internal/business/probe_test.go	f80e68a3994fcd9f990dd03f4c7601a9cd59f156ed4924066270fcbef107fc8e	reviewed	核查巡检历史、探活结果持久化和样本保留、价格分组目录与备份、精确小数策略及已有回归
backend/internal/business/probe.go	1e177dd6081da3cf8b33671adc0aa09051825da5aad08567b68acc3804527d15	reviewed	核查巡检历史、探活结果持久化和样本保留、价格分组目录与备份、精确小数策略及已有回归
backend/internal/business/readmodels_test.go	8fbc508305667155fabf8e2bd0f1cf6a8d5076c65401ad4be40100cc4ec8f71f	reviewed	完整读取；核对目录稳定身份、充值倍率精度、分组健康汇总、账号归属与未知值降级；记录读模型重复解析的优化候选
backend/internal/business/readmodels.go	13e6d15fc219a8066ddd7d7ea6027e77fd71ce5fc7149cda4206a03a1a043909	fixed	监控模式零阈值与停用账号状态失败回归修复；账号元数据重复解析优化基准76.230ms/34.58MB降至19.296ms/8.51MB，相关race通过
backend/internal/business/revenue_catalog_test.go	57628f13721ac076d01f2e4165e2c3972645304d892ab7ec57dd257d7e4b6296	reviewed	核查历史查询过滤、损坏JSON降级、告警清理、New API稳定分组绑定、收支目录归属；请求追踪全量账号记录列入优化候选
backend/internal/business/revenue_catalog.go	1540d500e56ae65db99be220a70c0f48820a64ca9b2d8db937b2984860d9ba32	reviewed	核查历史查询过滤、损坏JSON降级、告警清理、New API稳定分组绑定、收支目录归属；请求追踪全量账号记录列入优化候选
backend/internal/business/routing_test.go	5cf2d1109e6342a8942201c746c58a166a2389283004a6f0792fa4c3fb556855	reviewed	核查账号唯一调度样本窗口、写回基线目标指纹和所有权、健康评分计数及现有测试
backend/internal/business/routing_write.go	47feee5974db6c7c650f5ecd9a0ea6157da0287145c999682e4b7e3037820b69	reviewed	复审单账号按稳定ID读取调度基线优化及目标指纹和写回事务保护；同backend-boundaries已审版本
backend/internal/business/routing.go	354231919a2297cfe0d1f295331cff03ce591bbe4a145f75916e0ae6c68b83fd	fixed	修复RoutingAccounts损坏元数据早退泄漏结果集导致8个reader连接耗尽；先失败后通过且相关race通过
backend/internal/business/runtime_event_test.go	74881cc98cb710ceb4117c70aa397fab52c947ff43827cd58aede22b5c05c7dd	reviewed	完整读取；核对单写池与WAL只读池、首次schema事务、外键/索引、初始化拒覆盖、策略树与模式变更，以及隔离数据库回归
backend/internal/business/schema.go	0bcda6e6c61b74224cb2f5acfc333861f8c6e77e5abc8a5961daf1b6690fedc3	reviewed	完整读取；核对单写池与WAL只读池、首次schema事务、外键/索引、初始化拒覆盖、策略树与模式变更，以及隔离数据库回归
backend/internal/business/scoring_sample_counts_test.go	33cee1c7f1e5873016ae14f0bb30178391c5197f53a0da24ce2f86fbb0503964	reviewed	核查账号唯一调度样本窗口、写回基线目标指纹和所有权、健康评分计数及现有测试
backend/internal/business/status_values_test.go	3e8b79eff421a09918ae2b52b2f0200efd03b9283cff99721e269bfc4e172ae2	reviewed	完整读取；核对单写池与WAL只读池、首次schema事务、外键/索引、初始化拒覆盖、策略树与模式变更，以及隔离数据库回归
backend/internal/business/status_values.go	b541ab2298915803322d2385c23035019b3102a595e625ca1fd28cf6df4b25a6	reviewed	完整读取；核对单写池与WAL只读池、首次schema事务、外键/索引、初始化拒覆盖、策略树与模式变更，以及隔离数据库回归
backend/internal/business/store_test.go	78f9ae5a61af8f10346cf1c68240a260baee6ba0a8a3876326c9631f86bbffbc	reviewed	完整读取；核对单写池与WAL只读池、首次schema事务、外键/索引、初始化拒覆盖、策略树与模式变更，以及隔离数据库回归
backend/internal/business/store.go	43bcd526183661ed99f5513bf021ccc45190c9ed8597af14228edb02984b98a6	reviewed	完整读取；核对单写池与WAL只读池、首次schema事务、外键/索引、初始化拒覆盖、策略树与模式变更，以及隔离数据库回归
backend/internal/business/traffic_ranking_test.go	ebaa9794da04b90fd442c3a586d11242031858ebd202ed679ca09b68baadf67c	reviewed	核查流量窗口边界、账号请求去重、分组提前过滤、限额延迟抽样和缺失用量语义，现有回归覆盖
backend/internal/business/traffic_ranking.go	e9b03b8dba2d4ce28b60c5ec9bb4d92b36f5afa464909c6e8fa652621cd12651	reviewed	核查流量窗口边界、账号请求去重、分组提前过滤、限额延迟抽样和缺失用量语义，现有回归覆盖
backend/internal/business/traffic_usage_test.go	6cd8ed7e66948c854df8b2165ffff3f2a5f2f784143e6cc053e07c344b1eee3d	reviewed	核查流量窗口边界、账号请求去重、分组提前过滤、限额延迟抽样和缺失用量语义，现有回归覆盖
backend/internal/business/traffic_window_test.go	adea9e730013e3cf097d7ed46319b31a72056238211e98a373cef04f6ffe7f07	reviewed	核查流量窗口边界、账号请求去重、分组提前过滤、限额延迟抽样和缺失用量语义，现有回归覆盖
backend/internal/business/upstream_auth_seed_test.go	a3a69442a3771fc2abf4e9ba5699e04959ee8f3ff875e93e88e944e2f27150ef	reviewed	完整读取；核对账号状态统一映射、上游限制与恢复说明、模型交集、字典稳定ID、删除残余策略引用、版本冲突及回归
backend/internal/business/upstream_auth_seed.go	c8c4101fc21257770cafb446281d59f0e237c435d664ae13e9e29b87dea9ea63	reviewed	完整读取；核对账号状态统一映射、上游限制与恢复说明、模型交集、字典稳定ID、删除残余策略引用、版本冲突及回归
backend/internal/business/upstream_catalog_identity.go	2d632c460607f0bd18e621a776a768d36da4ee884a84333d0f4b707c898ff766	reviewed	核查上游身份图与合并、目录失效确认、Host迁移和配置事务、分组变更历史及绑定审计测试；级联删除策略引用列入修复
backend/internal/business/upstream_configuration_test.go	4371218bceb95a9a12364fa62121077a0e706a1122e3ed7b64b226f2708c38d8	reviewed	核查上游身份图与合并、目录失效确认、Host迁移和配置事务、分组变更历史及绑定审计测试；级联删除策略引用列入修复
backend/internal/business/upstream_configuration.go	83a48179ae333bd146cec9be6c1bea1c363176421ae6a1a3149bc3d17d69d2ab	reviewed	核查上游身份图与合并、目录失效确认、Host迁移和配置事务、分组变更历史及绑定审计测试；级联删除策略引用列入修复
backend/internal/business/upstream_delete_test.go	9738ddd33821cba9fb867bd7ab6544f174aa9606f226492a7d62552171cd748c	reviewed	核查上游身份图与合并、目录失效确认、Host迁移和配置事务、分组变更历史及绑定审计测试；级联删除策略引用列入修复
backend/internal/business/upstream_delete.go	206fd6785bc7f29a33a7ddc5de886994dee1d1612fa1f59147454ada45b7563a	fixed	失败回归确认失效绑定与上游级联删除遗留账号模型及调度scope引用；现同事务批量清理且保留其他账号，相关race通过
backend/internal/business/upstream_group_binding_audit_test.go	3bd61337a7b3d7d02f3371b7735c3f21feb603825957cad5f471c565829f66b4	reviewed	核查上游身份图与合并、目录失效确认、Host迁移和配置事务、分组变更历史及绑定审计测试；级联删除策略引用列入修复
backend/internal/business/upstream_group_binding_audit.go	60099c7d018629e02d6d5a08fdbdf1c905f4807a3a2b89c7366fa0caf2afeb6e	reviewed	核查上游身份图与合并、目录失效确认、Host迁移和配置事务、分组变更历史及绑定审计测试；级联删除策略引用列入修复
backend/internal/business/upstream_group_history.go	8fdeca58bf699e97468dfbd81358e89c273c5e563dceced7daafd3ce0241d832	reviewed	核查上游身份图与合并、目录失效确认、Host迁移和配置事务、分组变更历史及绑定审计测试；级联删除策略引用列入修复
backend/internal/business/upstream_identity_test.go	e94fb40bfceb0a43519c9f7b2396dfdcd39e0033f8ffa9a2166ea96608461d6d	reviewed	核查上游身份图与合并、目录失效确认、Host迁移和配置事务、分组变更历史及绑定审计测试；级联删除策略引用列入修复
backend/internal/business/upstream_identity.go	e5eec46acfd4b8b59533a1fe07b3878fc6ed74785debc5c2c88f260d7ca22155	reviewed	核查上游身份图与合并、目录失效确认、Host迁移和配置事务、分组变更历史及绑定审计测试；级联删除策略引用列入修复
backend/internal/business/upstream_sync_identity_test.go	de7bf141269f730960dc90b89059ac894f7aa0bd500fd51ab2c33df447dc39ce	reviewed	完整读取；核对稳定身份目录同步、部分与完整快照边界、余额和鉴权独立更新、并发与回滚测试
backend/internal/business/upstream_sync_test.go	6b1ee97847706f5fbe9f9b8cd0f907a9dbf57493b200d78d115355744c40041d	reviewed	完整读取；核对稳定身份目录同步、部分与完整快照边界、余额和鉴权独立更新、并发与回滚测试
backend/internal/business/upstream_sync.go	bc125ee01d8f9e03d1e4f16fe23c3a9a8f58415badce191d597acfd603f651fc	reviewed	完整读取；核对稳定身份目录同步、部分与完整快照边界、余额和鉴权独立更新、并发与回滚测试
backend/internal/configstore/__tests__/authentication_corruption_test.go	c4428690a55d97dd57222c295950e34d4b11a670fb712a34dc17aaa7b9db9b5a	fixed	精确键读取避免每次装载工作台和Kuma私有大载荷并保留完整键元数据；损坏密码摘要在PBKDF2前拒绝，失败回归已复现panic
backend/internal/configstore/__tests__/session_owner_test.go	4c129583d57cbbf489ac096de1e703425f77033e2a2ff0fe25f044e9a6e1e49a	reviewed	完整读取；核对凭据白名单、字段保留、稳定绑定、会话吊销、字典顺序和乐观版本检查及回归
backend/internal/configstore/__tests__/settings_scope_test.go	66f61d02ac91e55de472347d27a88561b654e2ed4fd5eaed2a60299d7b6b010e	fixed	精确键读取避免每次装载工作台和Kuma私有大载荷并保留完整键元数据；损坏密码摘要在PBKDF2前拒绝，失败回归已复现panic
backend/internal/configstore/__tests__/workbench_cleanup_test.go	1f7356ba4a2d431cc938748f557d906808eafdb826aa37816722fb60f2b25856	reviewed	补齐工作台私有持久化审查：会话/目标隔离、CAS、恢复状态与有效期，测试均使用隔离库
backend/internal/configstore/__tests__/workbench_execution_cleanup_test.go	cdd4543ab683e4855c7aa99ae58b501c1248f04aa835d6ac5eae11606d8d7613	reviewed	完整读取；核对配置校验、会话摘要与吊销、固定24小时私有执行生命周期、子任务认领、模板与登录资料CAS及隔离回归
backend/internal/configstore/__tests__/workbench_execution_test.go	c754fedfbb2b43c57e1fe4a70832e6a2db4e85b1fc002472e0957c623b13df66	reviewed	完整读取；核对配置校验、会话摘要与吊销、固定24小时私有执行生命周期、子任务认领、模板与登录资料CAS及隔离回归
backend/internal/configstore/__tests__/workbench_execution_ttl_test.go	a6682f4e76af113c8bf600f12db6bc79a4eda742b72dfe488159d60c839b3a8a	reviewed	完整读取；核对配置校验、会话摘要与吊销、固定24小时私有执行生命周期、子任务认领、模板与登录资料CAS及隔离回归
backend/internal/configstore/__tests__/workbench_maintenance_uploads_test.go	e89f06a8de67aa0930236fb1fbae50ddab28e71b2e0be5cff74f3381233022e0	reviewed	补齐工作台私有持久化审查：会话/目标隔离、CAS、恢复状态与有效期，测试均使用隔离库
backend/internal/configstore/__tests__/workbench_oauth_automatic_checkpoint_test.go	2c1377eb2ef8baf55274dad508acd56f808f28be0f4f6e3ab582d8adf20a1d35	reviewed	复审新增自动OAuth watching事务重启及CAS保护回归，使用临时私有数据库
backend/internal/configstore/__tests__/workbench_oauth_checkpoint_scope_test.go	36f788c3dc0de4ed5ec3d942b7694c76a3148195302381fb8209f9ada1c7d5ea	reviewed	补齐工作台私有持久化审查：会话/目标隔离、CAS、恢复状态与有效期，测试均使用隔离库
backend/internal/configstore/__tests__/workbench_oauth_checkpoints_test.go	1958cf54bda5b71342acbb3fa0c5ddc7deda9cc1943a9127446277f92942ae12	reviewed	补齐工作台私有持久化审查：会话/目标隔离、CAS、恢复状态与有效期，测试均使用隔离库
backend/internal/configstore/__tests__/workbench_preference_test.go	0d008d91b9598f26c794264eda0dbd08b58ee2ae781d2b7df1b0a506827e0f85	reviewed	完整读取；核对配置校验、会话摘要与吊销、固定24小时私有执行生命周期、子任务认领、模板与登录资料CAS及隔离回归
backend/internal/configstore/__tests__/workbench_profiles_test.go	63f6763c697080fdf35848042f193ebcda9b47529044ed195c851e97aad0b1fb	reviewed	完整读取；核对配置校验、会话摘要与吊销、固定24小时私有执行生命周期、子任务认领、模板与登录资料CAS及隔离回归
backend/internal/configstore/__tests__/workbench_queues_test.go	2c7badca1a7795b8b772b2d94c9d024e921ea29f1df5406db6cbe547db50de96	reviewed	补齐工作台私有持久化审查：会话/目标隔离、CAS、恢复状态与有效期，测试均使用隔离库
backend/internal/configstore/__tests__/workbench_sms_test.go	e02c8d4d250623aa644801428f41800258a52fc5f127b78a4f0ec50e82e68bff	reviewed	补齐工作台私有持久化审查：会话/目标隔离、CAS、恢复状态与有效期，测试均使用隔离库
backend/internal/configstore/__tests__/workbench_source_profiles_test.go	8253030ff0f8f3447200efb9eb3ec4bd765848f3a266816deb7a67b4ea4d95fc	reviewed	Read source-profile private schema/CAS storage and full settings store; metadata excludes login and owner/scope identity immutable
backend/internal/configstore/__tests__/workbench_test.go	66d374616a21438cc1c1d0eb6345f7fb637409f41b3f2be2f56fec7ad7e1ca8b	reviewed	完整读取；核对配置校验、会话摘要与吊销、固定24小时私有执行生命周期、子任务认领、模板与登录资料CAS及隔离回归
backend/internal/configstore/auth_recovery_preference_test.go	0cf03e47ab14da02cbf1836246014239a38ad2eee6c7c584abcff9d44ae46ea0	reviewed	完整读取；核对凭据白名单、字段保留、稳定绑定、会话吊销、字典顺序和乐观版本检查及回归
backend/internal/configstore/auth_recovery_preference.go	431f0a743bdf38243cb8ef46a6a65a8e4c8f26fbc9d339cc0027f52aa00f5473	reviewed	完整读取；核对凭据白名单、字段保留、稳定绑定、会话吊销、字典顺序和乐观版本检查及回归
backend/internal/configstore/auth_test.go	850dba7d4e544b20910623a98599d78d484b9084ec4b73f45228d87d20be7664	reviewed	完整读取；核对凭据白名单、字段保留、稳定绑定、会话吊销、字典顺序和乐观版本检查及回归
backend/internal/configstore/auth.go	5dcf69ef1b143cd112f9a754d1d62560187f88150735867da11a346d20ae8f00	reviewed	完整读取；核对凭据白名单、字段保留、稳定绑定、会话吊销、字典顺序和乐观版本检查及回归
backend/internal/configstore/database_path_test.go	a163e671b76615c9c2ae264a57f9f191f05f3132e90a2b72ec94c1970c67d07c	reviewed	完整读取；核对凭据白名单、字段保留、稳定绑定、会话吊销、字典顺序和乐观版本检查及回归
backend/internal/configstore/dictionary_defaults_test.go	71f87e12cbd782c5220b069b4e42becf16a81e6d4cb603d7a1ad1dfd79000900	reviewed	完整读取；核对凭据白名单、字段保留、稳定绑定、会话吊销、字典顺序和乐观版本检查及回归
backend/internal/configstore/dictionary_defaults.go	a0a9130b4b1eb19a49bc551154fe94fb7bb475ef24d6cfb02aaecdcd87de3d16	reviewed	完整读取；核对凭据白名单、字段保留、稳定绑定、会话吊销、字典顺序和乐观版本检查及回归
backend/internal/configstore/dictionary_test.go	7947232fcc0561a95d0f614c71f46682b9258d5cde523184a1ddf9c21bd52f71	reviewed	完整读取；核对凭据白名单、字段保留、稳定绑定、会话吊销、字典顺序和乐观版本检查及回归
backend/internal/configstore/dictionary.go	c00a1407048ef6baef356df14682acf91e6883e0423d73308f9aa0cf64941bed	reviewed	完整读取；核对凭据白名单、字段保留、稳定绑定、会话吊销、字典顺序和乐观版本检查及回归
backend/internal/configstore/kuma_monitor_templates.go	ff7b6b0f3d9bcb82aa89eb34044f0dd454cf4ae8c10981838477513fbf2f92dd	reviewed	完整读取；核对凭据白名单、字段保留、稳定绑定、会话吊销、字典顺序和乐观版本检查及回归
backend/internal/configstore/kuma_templates.go	e5fdfdf98050eeba7aa9aacada908d3437f939fd489edfee99515b7155148eac	reviewed	完整读取；核对凭据白名单、字段保留、稳定绑定、会话吊销、字典顺序和乐观版本检查及回归
backend/internal/configstore/model_pricing_cache.go	0dfcc5bddcd84e28ff587a83052f978b6077ce89ec3a3b2cadedcfaadb06884d	reviewed	完整读取；核对凭据白名单、字段保留、稳定绑定、会话吊销、字典顺序和乐观版本检查及回归
backend/internal/configstore/newapi_platform_test.go	f4bd51b5fdd22104efcd5c9150e00065e6f2d22452cf62ab0510b0e62f1ff90c	reviewed	完整读取；核对凭据白名单、字段保留、稳定绑定、会话吊销、字典顺序和乐观版本检查及回归
backend/internal/configstore/newapi_platform.go	8c1c14f38133091b3cce6c1a7910ab8e1aff20e09e4f5accc8a05e6216166415	reviewed	完整读取；核对凭据白名单、字段保留、稳定绑定、会话吊销、字典顺序和乐观版本检查及回归
backend/internal/configstore/session_owner.go	b89bb86287466a6d99d5c543ab9ff77c25675e52f16a8aa9c75ef3499adb70b5	reviewed	完整读取；核对凭据白名单、字段保留、稳定绑定、会话吊销、字典顺序和乐观版本检查及回归
backend/internal/configstore/store_test.go	9eed458892ea105c4e1c109c489a0f15c563c2d44698ac1e55a6d138244cacf7	reviewed	完整读取；核对配置校验、会话摘要与吊销、固定24小时私有执行生命周期、子任务认领、模板与登录资料CAS及隔离回归
backend/internal/configstore/store.go	098912164df8a4b05b8f42f306636d3f259cd61f6f5d4ff6c457462219a36625	reviewed	Read source-profile private schema/CAS storage and full settings store; metadata excludes login and owner/scope identity immutable
backend/internal/configstore/upstream_key_secret_test.go	1d591beb9564282560402054e1b8eba13695b82cff9a5acde584c14283016214	reviewed	完整读取；核对凭据白名单、字段保留、稳定绑定、会话吊销、字典顺序和乐观版本检查及回归
backend/internal/configstore/upstream_key_secret.go	a4fe43ec700f448dfba1f1fd1b5b2ef422ab352a7846c0c727e5e5006aa1adb4	reviewed	完整读取；核对凭据白名单、字段保留、稳定绑定、会话吊销、字典顺序和乐观版本检查及回归
backend/internal/configstore/uptime_kuma_test.go	7ea9a46a6fedbd9970de7b6e642bd660c812a8a054af5a6cfb45a0a67c356a36	reviewed	完整读取；核对凭据白名单、字段保留、稳定绑定、会话吊销、字典顺序和乐观版本检查及回归
backend/internal/configstore/uptime_kuma.go	9b041782c98d14f8ed7170868de9092758efc60bb7a3eb8602982ffdb4ad10ac	reviewed	完整读取；核对凭据白名单、字段保留、稳定绑定、会话吊销、字典顺序和乐观版本检查及回归
backend/internal/configstore/vault_test.go	9037f6385505412bf1a01dc19e59053e20b2c01b852b0b83bbd064ad019cab2b	reviewed	完整读取；核对凭据白名单、字段保留、稳定绑定、会话吊销、字典顺序和乐观版本检查及回归
backend/internal/configstore/vault.go	0afd8dae095f0e3ff998fbad7a9dcf840fd74acf10a4d6ba3f8219fe35f5c1dd	reviewed	完整读取；核对凭据白名单、字段保留、稳定绑定、会话吊销、字典顺序和乐观版本检查及回归
backend/internal/configstore/workbench_cleanup.go	cedbc262c3b83544451adcc36f3ca0e3048897b7186352db53d1d07a276d3c6b	reviewed	完整读取；核对配置校验、会话摘要与吊销、固定24小时私有执行生命周期、子任务认领、模板与登录资料CAS及隔离回归
backend/internal/configstore/workbench_execution_claims.go	c1e9b1f70b99d4d0c2dc8c0ad2561f3facb7efc1d44a280e46d9029d8b570f8e	reviewed	完整读取；核对配置校验、会话摘要与吊销、固定24小时私有执行生命周期、子任务认领、模板与登录资料CAS及隔离回归
backend/internal/configstore/workbench_execution_cleanup.go	304d897a728693de80054cdbb9973ee00b135e375dabb0f246d1921d66de73af	reviewed	完整读取；核对配置校验、会话摘要与吊销、固定24小时私有执行生命周期、子任务认领、模板与登录资料CAS及隔离回归
backend/internal/configstore/workbench_execution.go	282b1374279e846bd503ddc6b9518dbfe8266226d8596b2e4b8901cf4f101d2d	reviewed	补齐工作台私有持久化审查：会话/目标隔离、CAS、恢复状态与有效期，测试均使用隔离库
backend/internal/configstore/workbench_maintenance_uploads.go	4bcd98d1ade234ac8e8ea67cc6577e89490e94e59992622d17d81feedbfc8414	reviewed	补齐工作台私有持久化审查：会话/目标隔离、CAS、恢复状态与有效期，测试均使用隔离库
backend/internal/configstore/workbench_maintenance.go	bd68f499bc37135e0704a15520e4bd9c1e884bb63748029514ca358849b0b62e	reviewed	完整读取；核对配置校验、会话摘要与吊销、固定24小时私有执行生命周期、子任务认领、模板与登录资料CAS及隔离回归
backend/internal/configstore/workbench_oauth_checkpoints.go	12531209fa95a9362c9d700b40bb828a0603820f8acaa6e1f4f007085c6981db	reviewed	补齐工作台私有持久化审查：会话/目标隔离、CAS、恢复状态与有效期，测试均使用隔离库
backend/internal/configstore/workbench_preference.go	3dc5012bb7c57bc8c18e4486a6b16f210f0d03d874181282e2ecb52c82f9ab04	reviewed	完整读取；核对配置校验、会话摘要与吊销、固定24小时私有执行生命周期、子任务认领、模板与登录资料CAS及隔离回归
backend/internal/configstore/workbench_profiles.go	15343e03186ba95799644627ee6657cfd6f327e51e4364b41cb4f160308e85c5	reviewed	完整读取；核对配置校验、会话摘要与吊销、固定24小时私有执行生命周期、子任务认领、模板与登录资料CAS及隔离回归
backend/internal/configstore/workbench_queues.go	d9916a60aad2d3ab452e764d67ec656694cb3bb26843a2dd2b79aadff6f6e542	reviewed	补齐工作台私有持久化审查：会话/目标隔离、CAS、恢复状态与有效期，测试均使用隔离库
backend/internal/configstore/workbench_sms.go	cbe8442db9b7f18cb717f1b3ab2d4a12d2bdcb9eb9a8c0417ad9bc2452d44790	reviewed	补齐工作台私有持久化审查：会话/目标隔离、CAS、恢复状态与有效期，测试均使用隔离库
backend/internal/configstore/workbench_source_profiles.go	b52949613dc589bd8f45dd92c446dbe9cc05efd334de78944eb4ef4313986150	reviewed	Read source-profile private schema/CAS storage and full settings store; metadata excludes login and owner/scope identity immutable
backend/internal/configstore/workbench.go	1d75b54860209b4d27c33e57072dd4f1f8a689c7fea86163f26d0839f08052ad	reviewed	完整读取；核对配置校验、会话摘要与吊销、固定24小时私有执行生命周期、子任务认领、模板与登录资料CAS及隔离回归
backend/internal/decimalutil/parse.go	9c8b7ede1ce74fea5c510381edfebb936957e8e48267f53da2dee4fb1d9f2423	reviewed	完整读取；检查输入边界、并发容量和取消、权限与对应回归；未确认新增缺陷
backend/internal/evidence/__tests__/cancellation_test.go	a815c57db5f8aea1ac57249a0afbfe037b6f0b3f2c1b6ace34c5486ed6c69ef5	fixed	拒绝非法延迟和分组范围类型；取消后已分派请求保留账号ID并记为失败；回归先失败后通过竞态测试
backend/internal/evidence/__tests__/empty_response_test.go	3bf8dc2b9253bbd6a255f6437298455e4dc5dda8e5d47a87a21dc740e06bbf6c	reviewed	已全文审查采集去重、流量回退、分组范围与批次公平性及隔离测试
backend/internal/evidence/__tests__/input_validation_test.go	207402dcf175b0a40e69548a6f7187f08d8af2adff6849e33f1455d6108e5d20	fixed	拒绝非法延迟和分组范围类型；取消后已分派请求保留账号ID并记为失败；回归先失败后通过竞态测试
backend/internal/evidence/__tests__/probe_batch_fixture_test.go	fe387c9c451bba396b4d017e93c6cd63132b152e07e7793cb5da72b7a6b82dd0	reviewed	已全文审查采集去重、流量回退、分组范围与批次公平性及隔离测试
backend/internal/evidence/__tests__/probe_batch_policy_test.go	ec9260a13fe876b291c44b189cbd86e872b32c322bf37799b7a82e34b623b611	reviewed	已全文审查采集去重、流量回退、分组范围与批次公平性及隔离测试
backend/internal/evidence/__tests__/probe_batch_test.go	2f9131691e559825f30262d6d814555c1b64931e7d1cad0888198ff582be78e8	reviewed	已全文审查采集去重、流量回退、分组范围与批次公平性及隔离测试
backend/internal/evidence/future_samples_test.go	56c0b2a883a7179c8e3a61013b263b91557806d7a58cd154e4b69a48bedd5d91	reviewed	已全文审查采集去重、流量回退、分组范围与批次公平性及隔离测试
backend/internal/evidence/live_collect_test.go	57f9c559432bdb409e62e3ee4639f6840c630d249566b7701d43fc995b58fd75	reviewed	已全文审查采集去重、流量回退、分组范围与批次公平性及隔离测试
backend/internal/evidence/live_collect.go	1b069bd7f044c651ba0390c715c61a7b5a533dde5f81d8a50a783dccdf4f6a2a	reviewed	已全文审查采集去重、流量回退、分组范围与批次公平性及隔离测试
backend/internal/evidence/live_test.go	964af1d73f7cbe685bded3ef26d7f6b0957a70ab1b97855daec44ac0d23b82fe	reviewed	已全文审查采集去重、流量回退、分组范围与批次公平性及隔离测试
backend/internal/evidence/live.go	7f343dbb4b8f71203c8c48f22312f6608748d58b209c36c9a4c71bbccf9a053f	reviewed	已全文审查采集去重、流量回退、分组范围与批次公平性及隔离测试
backend/internal/evidence/probe_batch.go	355d6dd3f6e034b119f5ae446e26b36a73e8d8276c73d60397a1d2b6ae0dd474	reviewed	已全文审查采集去重、流量回退、分组范围与批次公平性及隔离测试
backend/internal/evidence/service_test.go	424709b733270849638ad5b0bd76196a76279036c4e5303a9b4c8cac2b6c8612	reviewed	已全文审查采集去重、流量回退、分组范围与批次公平性及隔离测试
backend/internal/evidence/service.go	c34f79048d39067fd00f10e773d2a6e7478614b6cd4a75cf7ba261a602299169	fixed	拒绝非法延迟和分组范围类型；取消后已分派请求保留账号ID并记为失败；回归先失败后通过竞态测试
backend/internal/inspection/manual.go	4ab3a8132747aa54a40d0408300131623717398325220cfe67b4b0ad9b706ed9	reviewed	完整读取；核对调度配置版本、跨实例租约、运行心跳与任务ID、取消和停止、异步计划缓存与现有隔离回归
backend/internal/inspection/rate_batch_policy_test.go	d850e4a7230ecbb29183181fcd9da1dccf630ea13d162840a2258976931524c6	reviewed	完整读取；核对调度配置版本、跨实例租约、运行心跳与任务ID、取消和停止、异步计划缓存与现有隔离回归
backend/internal/inspection/runner_test.go	ba7a177fdb4f4a22ec10597338be9674f4b3d6e78d0b39b19713bd2e0c72e094	reviewed	完整读取；核对巡检到期计划、并行采集、账号范围诊断、管理目标冻结、上下文和taskID传播、倍率排队、取消和最终持久化及对应回归
backend/internal/inspection/runner.go	27d08b7b923133e25d4167e5c5a966d3c306381f48752fef86d7ef7f6a235a4d	reviewed	完整读取；核对巡检到期计划、并行采集、账号范围诊断、管理目标冻结、上下文和taskID传播、倍率排队、取消和最终持久化及对应回归
backend/internal/inspection/scheduler_test.go	ef618a11cfc9d49ed231e2ea0c70042c29cdde9b027bbc351b3a70440216b3e0	reviewed	完整读取；核对调度配置版本、跨实例租约、运行心跳与任务ID、取消和停止、异步计划缓存与现有隔离回归
backend/internal/inspection/scheduler.go	d2fdf36ded532318e74bec75227e0aadcf835e46cd5497621ae0914b8b7c5df9	reviewed	完整读取；核对调度配置版本、跨实例租约、运行心跳与任务ID、取消和停止、异步计划缓存与现有隔离回归
backend/internal/mutationguard/guard_test.go	a17fdb17f25db3c28221b0c02b0982de5fcc4bed6905a3fe536ae9a8d6f3d070	reviewed	完整读取；核对资源全序、别名漂移、重入覆盖、手工抢占自动巡检、租约看门狗、续期发布和取消释放；现有隔离回归覆盖
backend/internal/mutationguard/guard.go	e255de3f79c857314276033156e446305b580e4b2a937f5a6cba6b8d1f536c98	reviewed	完整读取；核对资源全序、别名漂移、重入覆盖、手工抢占自动巡检、租约看门狗、续期发布和取消释放；现有隔离回归覆盖
backend/internal/naming/naming_test.go	7955638ca1a31b07c74b7810f584a924bff8dfe22aaaa4589a4d76d24615c49e	reviewed	完整读取；检查输入边界、并发容量和取消、权限与对应回归；未确认新增缺陷
backend/internal/naming/naming.go	3db5c44a8427b8ab95a830e2ba0b8346f9f91cc3f07d2b3a943fafe2c7675a2d	reviewed	完整读取；检查输入边界、并发容量和取消、权限与对应回归；未确认新增缺陷
backend/internal/notification/__tests__/account_groups_test.go	62a142031953987ee6d1967391cae9232ccbcde280d5859d1c15207c36ba7470	reviewed	核对告警批次聚合、状态冷却、QQ Bot业务确认及隔离投递回归
backend/internal/notification/__tests__/dry_run_test.go	92563980b5765f29c1f886a2aeb3cf9b95d5fa9b88fbc57e2d8a4b764858700b	fixed	模拟投递不得消费真实待发送告警；回归先失败后修复
backend/internal/notification/__tests__/upstream_delivery_test.go	41f190331e4e1bb470617cd759625fdb823d2949d0aa06eef5284444a04db2fa	reviewed	核对告警批次聚合、状态冷却、QQ Bot业务确认及隔离投递回归
backend/internal/notification/__tests__/upstream_groups_test.go	e0a5651c307445ee1477779892deaf82ccb9b3d039aaa745180e619f979331e7	reviewed	核对告警批次聚合、状态冷却、QQ Bot业务确认及隔离投递回归
backend/internal/notification/response_contract_test.go	fde9c9a2c7f3b55108ac236f1a26018ffc4e01835a49ec8895e60b48ae139067	reviewed	核对告警批次聚合、状态冷却、QQ Bot业务确认及隔离投递回归
backend/internal/notification/service_test.go	101f308d64c03527f0068771ef7c180c822643c56668bfaf159a3924570db9a7	reviewed	核对告警批次聚合、状态冷却、QQ Bot业务确认及隔离投递回归
backend/internal/notification/service.go	5c8bf9060ac94a2963c347586678d8302ee25c7a215ea4d692b88f152552d32e	fixed	模拟投递不得消费真实待发送告警；回归先失败后修复
backend/internal/notification/upstream_groups.go	250844d50c02cb8914a59a571bc7c3d90ecaab2704268e06ab80a3e7eff5ae2c	reviewed	核对告警批次聚合、状态冷却、QQ Bot业务确认及隔离投递回归
backend/internal/notificationtarget/gateway_test.go	ee80c34f00c970d48bb50b67ff877fa86ad53ac0785695705ea3e3ac11a20a91	reviewed	完整读取；核对告警串行评估、QQBot事件消息类型、重定向拒绝、响应上限、取消与凭据白名单以及隔离HTTP/WebSocket回归
backend/internal/notificationtarget/gateway.go	4fe72386776bfb0dd6c32f79bd5e764bb863bcf1885ea712837653d7d480e021	reviewed	完整读取；核对告警串行评估、QQBot事件消息类型、重定向拒绝、响应上限、取消与凭据白名单以及隔离HTTP/WebSocket回归
backend/internal/notificationtarget/service_test.go	c2a15ceae2a3ad2657a4f98b5b3bd11eea749f3bde550da02d04d5c78060cd28	reviewed	完整读取；核对告警串行评估、QQBot事件消息类型、重定向拒绝、响应上限、取消与凭据白名单以及隔离HTTP/WebSocket回归
backend/internal/notificationtarget/service.go	228cf0b2aec9d09544f362326868649cefd7db92a938f3a753b2f7321230b158	reviewed	完整读取；核对告警串行评估、QQBot事件消息类型、重定向拒绝、响应上限、取消与凭据白名单以及隔离HTTP/WebSocket回归
backend/internal/onboarding/__tests__/model-fallback_test.go	a5049df26312cb3a8bfbf5111da138038ef207ac2b03b2d95ccbf300238d3e45	reviewed	核对开户冻结意图、临时Key生命周期、稳定绑定、取消清理及隔离网络回归
backend/internal/onboarding/__tests__/probe_stream_test.go	c6bad9dbf476fd4491aa398c659c34ffb98b2d2c9b04dc79302c38ed47a50152	fixed	流式探活扫描完整响应，拒绝首段文本之后的业务失败或损坏事件；失败用例先复现
backend/internal/onboarding/key_cleanup.go	38aca807edc1556ac5904be4a8df61a536a9717c6d8401bdfc01fe7429f81fb7	reviewed	核对开户冻结意图、临时Key生命周期、稳定绑定、取消清理及隔离网络回归
backend/internal/onboarding/model_discovery.go	1d390d8e5ea007b2cedcafec66ab1667342664e561870dfac5b637375bc85e96	reviewed	核对开户冻结意图、临时Key生命周期、稳定绑定、取消清理及隔离网络回归
backend/internal/onboarding/probe_http_test.go	a5955c0f825c1184f420d6ee0523d1454157218242292ed4dc843a481ad48d86	reviewed	核对开户冻结意图、临时Key生命周期、稳定绑定、取消清理及隔离网络回归
backend/internal/onboarding/probe_tasks.go	03f6626be2c9a9c9ef198c869194b74ad3327d1742652f517b39e257c2e3ea40	reviewed	核对开户冻结意图、临时Key生命周期、稳定绑定、取消清理及隔离网络回归
backend/internal/onboarding/probe.go	37a99af6c4b8e56d386e5b65c38a8a97878718858d85e8272ab0d5408fab2173	fixed	流式探活扫描完整响应，拒绝首段文本之后的业务失败或损坏事件；失败用例先复现
backend/internal/onboarding/service_test.go	09eb3a9819244a4ebe93104676d1676466d1e63f5206ad84994650efed424336	reviewed	核对开户冻结意图、临时Key生命周期、稳定绑定、取消清理及隔离网络回归
backend/internal/onboarding/service.go	e9fb360ced6b19f324909df7d7695d57d23f34983b2074184599ec3e72268888	reviewed	核对开户冻结意图、临时Key生命周期、稳定绑定、取消清理及隔离网络回归
backend/internal/opstraffic/__tests__/trace_identity_test.go	3f3b9c8c29a2cd7022ad5840a2be15c58ddb1890fa579537a57ce118d9f8ddc3	fixed	同一请求多账号记录误用首个账号名称；先失败回归，再按稳定ID缓存读取各账号详情，保留逐记录身份
backend/internal/opstraffic/service_test.go	20f723e9fc76735e69ae93188196c4a76f53ce943e160350ffec093cc7ca0d05	reviewed	完整读取；核对请求追踪保留成功记录、系统日志回退、受控超时与用量缺失，以及隔离HTTP测试
backend/internal/opstraffic/service.go	9fd0fc00bf17f5e6969593bb8f12bf5b8e81b849f1b156f41a11c7e3e2b9b358	fixed	同一请求多账号记录误用首个账号名称；先失败回归，再按稳定ID缓存读取各账号详情，保留逐记录身份
backend/internal/pricing/__tests__/cost_wall_test.go	a2e57c0aa2bff58a57d929b44a062e38be0e441cc2fd0bf4199e418d0048e125	reviewed	核对十进制核算、互换组选择、稳定ID、并发读取、取消及分组写入补偿契约
backend/internal/pricing/__tests__/minimum_config_test.go	2a537d7fd0b0384a73cd30f7949f3b64b41b701c938787dc401242c8f13fe66b	reviewed	核对十进制核算、互换组选择、稳定ID、并发读取、取消及分组写入补偿契约
backend/internal/pricing/__tests__/minimum_selection_test.go	f9004d86e27ab4302b5d64662a45ec936a88cbb6c186ae5e48647e655ec44a49	reviewed	核对十进制核算、互换组选择、稳定ID、并发读取、取消及分组写入补偿契约
backend/internal/pricing/__tests__/unchanged_plan_test.go	9d213e3d9dbf31577628874de7d767971912948a51093d545bc3df7cf2507109	reviewed	核对十进制核算、互换组选择、稳定ID、并发读取、取消及分组写入补偿契约
backend/internal/pricing/cancellation_test.go	f8b54d227ea5f6f846266160cd29abc5438bfcedf57c648753c67fb3801dde36	reviewed	核对十进制核算、互换组选择、稳定ID、并发读取、取消及分组写入补偿契约
backend/internal/pricing/decimal_input_test.go	60f9eca257e98bbdfc21cd9b08b700ace4b87243ca72e76403d11d023ebd4d76	reviewed	核对十进制核算、互换组选择、稳定ID、并发读取、取消及分组写入补偿契约
backend/internal/pricing/revenue_test.go	378fbb28dc523fa39cd4c81082d7a14e41581a144cd59902c0a4ef5f851d3733	reviewed	核对十进制核算、互换组选择、稳定ID、并发读取、取消及分组写入补偿契约
backend/internal/pricing/revenue.go	944c89dea2a920912c0f145ce0d958aa2d6a8ad243c4c454e5e5bf6c80a5756c	reviewed	核对十进制核算、互换组选择、稳定ID、并发读取、取消及分组写入补偿契约
backend/internal/pricing/runtime_mode_test.go	b5e8e247d7e91b3ee6b65e5f72a72bcc3c45ac169693889da4ad271e624db2f7	reviewed	核对十进制核算、互换组选择、稳定ID、并发读取、取消及分组写入补偿契约
backend/internal/pricing/service_test.go	b557b35e39cf5121cd78ab5e4f2860939703d0f0ecea892e4e7d5d79032e0b6a	reviewed	核对十进制核算、互换组选择、稳定ID、并发读取、取消及分组写入补偿契约
backend/internal/pricing/service.go	a92de03d09bc6993f15c2d0d6e51f17693c70c99045c04348b51be5e760d3ec8	reviewed	核对十进制核算、互换组选择、稳定ID、并发读取、取消及分组写入补偿契约
backend/internal/probe/__tests__/queued_protection_test.go	ad6ee469feea6c6789d650663b1616f8df91afbf42f4cdbac153a3cf5a29593e	fixed	探活出站前在管理目标锁内批量复核人工优先位与人工熔断；受保护账号跳过且不产生健康证据；回归先失败后修复
backend/internal/probe/manual_batch_test.go	aa6ab368531086bfd3a7c0c4e29c3b84f4cd68863935a40a5ffd44a15b627076	reviewed	已全文审查手动批次范围和模型选择、保护账号过滤及批次结果保留测试
backend/internal/probe/manual_batch.go	9dd7c6431c657fd2755da621996a4831e7656931ea2d1d8208095428bdc2377b	reviewed	已全文审查手动批次范围和模型选择、保护账号过滤及批次结果保留测试
backend/internal/probe/protection.go	5dd0068204df9f3fa45d5e973073da3892bc4c148d4aa56f0454cd0801c2de81	fixed	探活出站前在管理目标锁内批量复核人工优先位与人工熔断；受保护账号跳过且不产生健康证据；回归先失败后修复
backend/internal/probe/service_test.go	ffca55ffab110a314d365d8579e7ba8ad80d94749fe99cb890e7a303a54ccc5b	reviewed	已全文审查探活模型解析、SSE响应、重试次数与状态码、流量回退及管理目标变化回归测试
backend/internal/probe/service.go	137c4ed8a59043b80ac4713ee35073b66866dea04fbf25c9aaa9daf4e3576703	fixed	探活出站前在管理目标锁内批量复核人工优先位与人工熔断；受保护账号跳过且不产生健康证据；回归先失败后修复
backend/internal/probe/target_selection_test.go	8f1f8d23fcd237cfaea35c5f3d81ecc54ace4395304d7ca06d9d7b48b0d65d43	reviewed	已全文审查手动批次范围和模型选择、保护账号过滤及批次结果保留测试
backend/internal/runtimepolicy/mode_test.go	ff2c4fc5b964f81270fd0ca9d9e09ba3f60a67efb35ae96c4f029c01563720dc	reviewed	完整读取；检查输入边界、并发容量和取消、权限与对应回归；未确认新增缺陷
backend/internal/runtimepolicy/mode.go	16ae4be574bf8ff41ac9cc577a42f6e7f4dce116518f269a96e31cf72a35f175	reviewed	完整读取；检查输入边界、并发容量和取消、权限与对应回归；未确认新增缺陷
backend/internal/sqliteutil/dsn.go	4cf4631d54c9521a2ef3be5e0c6b669d8feb27eaa7ce42343b78c35fb410876d	reviewed	完整读取；检查输入边界、并发容量和取消、权限与对应回归；未确认新增缺陷
backend/internal/sqliteutil/permissions_test.go	9d8c45cdbbb8ddb9ead4d610b3cf3aa7c7a6a2da6fa295f0de3ffb790b14f9ac	reviewed	完整读取；检查输入边界、并发容量和取消、权限与对应回归；未确认新增缺陷
backend/internal/sqliteutil/permissions.go	83b48a83e4f3d7f709ee4fb2d1d84287cb7b5f7b2b3e8f7762c842ff42a677ae	reviewed	完整读取；检查输入边界、并发容量和取消、权限与对应回归；未确认新增缺陷
backend/internal/taskcontext/context.go	f22e944da56d85c622e52fc843d2f3b6f9605051776fc33627c8dc51dd997b3d	reviewed	完整读取；检查输入边界、并发容量和取消、权限与对应回归；未确认新增缺陷
backend/internal/taskrunner/__tests__/cancellation_test.go	dcb1318ce609bdc5f8d287cf07c69b3e2f33fbbb05b62a3a44f13e2e9664bfdc	reviewed	完整读取；检查输入边界、并发容量和取消、权限与对应回归；未确认新增缺陷
backend/internal/taskrunner/feed_test.go	b7fa833f87d187cdeca57eaa37340963695edf9860466d1dbfa00ab1ef661bf2	reviewed	完整读取；检查输入边界、并发容量和取消、权限与对应回归；未确认新增缺陷
backend/internal/taskrunner/feed.go	019d6083f1590e09f73889be65927972b3402b4fbc3ce932d4b169ea89374d3c	reviewed	完整读取；检查输入边界、并发容量和取消、权限与对应回归；未确认新增缺陷
backend/internal/taskrunner/runner_test.go	4f590c79a80faa5b83f3adbd5647fc32631357b1c94d45accd1cfabfa2ed8567	reviewed	完整读取；检查输入边界、并发容量和取消、权限与对应回归；未确认新增缺陷
backend/internal/taskrunner/runner.go	b1842e127c1cb9b34842e7680d352d08b57adf76dabd0b752f0126580f0eda04	reviewed	完整读取；检查输入边界、并发容量和取消、权限与对应回归；未确认新增缺陷
backend/internal/taskstore/__tests__/history_corruption_test.go	e95994a623e22fe5eb5eb9352c5fb1e500118f1adda81af749eac4755d7fa60a	fixed	历史邮箱过滤遇损坏JSON导致整个查询失败；先复现失败再用json_valid隔离；新增对应回归
backend/internal/taskstore/__tests__/history_query_test.go	5ced6ed5dcc45080a73b3410e6e8c772fdea263c7f5895f3c07989a978064812	reviewed	完整读取；检查历史筛选、分页、终态保存、删除标记、取消和损坏记录降级；回归使用临时库
backend/internal/taskstore/__tests__/history_test.go	ce5099ed59b3b7d83daebd65c13b533047b4c5ff8af86909478a48b778010d41	reviewed	完整读取；检查历史筛选、分页、终态保存、删除标记、取消和损坏记录降级；回归使用临时库
backend/internal/taskstore/__tests__/history_tombstone_test.go	2b312ae55f6aa20fd097674d3f0ca73118d029841a58a5cbc4375df5ae8b60c6	reviewed	完整读取；检查历史筛选、分页、终态保存、删除标记、取消和损坏记录降级；回归使用临时库
backend/internal/taskstore/__tests__/log_cleanup_test.go	00c6e00297cb366c844be4d7fac1b1ba8728a33c789e29e81a87762ab8fdc61c	reviewed	完整读取；检查历史筛选、分页、终态保存、删除标记、取消和损坏记录降级；回归使用临时库
backend/internal/taskstore/__tests__/oauth_recovery_test.go	c7fbe87d9ce021b0a0c76d2d73b7517ca0f7be3e6f63f0caf423b6ff60ecacdc	reviewed	完整读取；检查历史筛选、分页、终态保存、删除标记、取消和损坏记录降级；回归使用临时库
backend/internal/taskstore/cleanup.go	c23e554a699576d4611d1f651e1d0d9dfa60c5bca56e7bcd32a9e4de9a8f20cd	reviewed	补齐工作台私有持久化审查：会话/目标隔离、CAS、恢复状态与有效期，测试均使用隔离库
backend/internal/taskstore/database_path_test.go	998908914011e25f64b12fbf64fc5a2027e90cdee0b714d3a772f2a8ce847b17	reviewed	完整读取；检查历史筛选、分页、终态保存、删除标记、取消和损坏记录降级；回归使用临时库
backend/internal/taskstore/history_query.go	5a3387a0bbbab3865685d907e94d9c6eb6ef5711a2269f4a39b26cc98c8e8db3	fixed	历史邮箱过滤遇损坏JSON导致整个查询失败；先复现失败再用json_valid隔离；新增对应回归
backend/internal/taskstore/history.go	bc580fa2a75ca7cac69412d108ef36facaaec54bbde9bb57193fad8e280496ea	reviewed	完整读取；检查历史筛选、分页、终态保存、删除标记、取消和损坏记录降级；回归使用临时库
backend/internal/taskstore/persistence_test.go	2d8c782a3cac0e62d41bf7db8a9bec4d3a911837de9716b4bbb524f2da90c6e9	reviewed	完整读取；检查历史筛选、分页、终态保存、删除标记、取消和损坏记录降级；回归使用临时库
backend/internal/taskstore/persistence.go	8c3fadec2e92481cf5fe19d1cd6fe41b6de1aa174cf6557e7d1b48a4eb53ae71	reviewed	完整读取；检查历史筛选、分页、终态保存、删除标记、取消和损坏记录降级；回归使用临时库
backend/internal/taskstore/store_test.go	8061a9b99ed48e6e3adb6040cd690019bc7d28cffb3baf582576c4f88f6ff34b	reviewed	完整读取；检查历史筛选、分页、终态保存、删除标记、取消和损坏记录降级；回归使用临时库
backend/internal/taskstore/store.go	ba9b4c532b18c8787ce5807a05a12295693fe072a2c787bc8e4feb17fdb3700f	reviewed	完整读取；检查历史筛选、分页、终态保存、删除标记、取消和损坏记录降级；回归使用临时库
backend/internal/taskstore/time_order_test.go	5ff0f4b6b4662b724afd2906df4287e0d4ecd3e039dfd11efb37df2ade55a74e	reviewed	完整读取；检查历史筛选、分页、终态保存、删除标记、取消和损坏记录降级；回归使用临时库
backend/internal/upstreamconfig/__tests__/vault_rename_test.go	b672dcac5e49e8a0fd8d7296e24f7c05e35f10ef7a0c6c0dd15e9f7b8f9f8e56	fixed	修改上游Host并保存密码箱时按实际目标条目加锁，防止新Host默认密码箱项被并发覆盖；回归先失败后修复
backend/internal/upstreamconfig/base_url_sync_test.go	dd6fb362901a5d3410b238aa50097b78af3da901ffa388a67ca242b828ccfe49	reviewed	已全文审查鉴权验证、跨库补偿、凭据白名单、Host改名和关联账号配置同步及隔离测试
backend/internal/upstreamconfig/header_confidentiality_test.go	944be3c779ad053b7d4dcbfdb5e4d06d3f495b828f247a2f6a2d22008df8e13b	reviewed	已全文审查鉴权验证、跨库补偿、凭据白名单、Host改名和关联账号配置同步及隔离测试
backend/internal/upstreamconfig/host_from_url_test.go	1763bb5c0db0678bc36cc9b3b8c25602b561dcc2a53c3fb4978c3dbc2f606918	reviewed	已全文审查鉴权验证、跨库补偿、凭据白名单、Host改名和关联账号配置同步及隔离测试
backend/internal/upstreamconfig/host_rollback_test.go	32e44b84a55e493b53fdc6dcbcb739670041df8de014163e731b3fcb406c02da	reviewed	已全文审查鉴权验证、跨库补偿、凭据白名单、Host改名和关联账号配置同步及隔离测试
backend/internal/upstreamconfig/service_test.go	80220fda684fde8d6dfdfbce1daf35fc439e51c20db9f612a83806a15632c305	reviewed	已全文审查鉴权验证、跨库补偿、凭据白名单、Host改名和关联账号配置同步及隔离测试
backend/internal/upstreamconfig/service.go	373def634929a742fa9d53c6a7579a572ffd48b2125200f486216aa9bb40ddf3	fixed	修改上游Host并保存密码箱时按实际目标条目加锁，防止新Host默认密码箱项被并发覆盖；回归先失败后修复
backend/internal/upstreamdelete/cancellation_test.go	84b3b5886612b05446b79c0aeb8e0d593e5154bbc38c912cc082d87f671f2b40	reviewed	已全文审查删除预览范围、稳定身份锁、远端复核、取消和部分失败保留及隔离测试
backend/internal/upstreamdelete/runtime_mode_test.go	20e9222b6cec978c82c93a41e200cba6af86e399734114d48ddba12b8dc33f7d	reviewed	已全文审查删除预览范围、稳定身份锁、远端复核、取消和部分失败保留及隔离测试
backend/internal/upstreamdelete/service_test.go	b2dc26b2b265bab27e9a3fec043a49dd7f8d0037f7d86239ebe7a873fc53e2af	fixed	已全文审查删除行为及隔离测试；修复部分删除失败夹具HTTP并发读写map竞争，改为唯一目标的atomic.Bool状态
backend/internal/upstreamdelete/service.go	aaee7a6ccd4c855e8bf35808b4313ff4b2e07b12dc255d0d9ff6cec3fcf631f3	reviewed	已全文审查删除预览范围、稳定身份锁、远端复核、取消和部分失败保留及隔离测试
backend/internal/usagequality/__tests__/usage_test.go	060019f640c544c054f9bbe46445bae490705137338e4817b4898d91bca15aa3	reviewed	完整读取；检查输入边界、并发容量和取消、权限与对应回归；未确认新增缺陷
backend/internal/usagequality/usage.go	8e0d45559a45e08285a027f4768036070ecf142558f0fc1ba6011edd683ad224	reviewed	完整读取；检查输入边界、并发容量和取消、权限与对应回归；未确认新增缺陷
