frontend/src/features/account-workbench/__tests__/checkpoint-security-authorization.test.tsx	484cf1aacdb86085d8ab70c33f473adb45e16e8ba88b54cdda17c22b52334957	reviewed	Complete isolated behavior tests: explicit authorization, expiry, rejection, late response cancellation, terminal source batch handoff and dialog closure.
frontend/src/features/account-workbench/__tests__/checkpoint-security.test.tsx	2c8d34525bd257ea60948f2bdabd0b78180f24b859a42adea3fe528ac178a2ae	reviewed	Complete read/review: local scope/cache invalidation, original confirmation ID/revision, source identity summaries and focused behavior tests.
frontend/src/features/account-workbench/__tests__/oauth-dialog-lifecycle.test.tsx	a8a352e221b95facc421502dfe580e11f62890f3fb2f0ffb5bf11354aa14c513	reviewed	Full read: source identity, scope, revision, selection snapshot, credentials lifetime, async cancellation and session expiry; regression verified separately.
frontend/src/features/account-workbench/__tests__/refresh-confirmation.test.tsx	b199cfb82d8cdb3ca8da3fe936c335ef42060f303b56b73f8da7a2e0d80bb8a3	reviewed	Complete read/review: local scope/cache invalidation, original confirmation ID/revision, source identity summaries and focused behavior tests.
frontend/src/features/account-workbench/__tests__/security-authorization.test.tsx	a88accf5909c10adc4d32b1fb2342a2ec3e2922913efee7adc895a6746c437a1	reviewed	Complete isolated behavior tests: explicit authorization, expiry, rejection, late response cancellation, terminal source batch handoff and dialog closure.
frontend/src/features/account-workbench/__tests__/security-profile-confirmation.test.tsx	651034f54ed93bd16129ffd57ff641a8ff385a1b9fd46f5343532be3b84fd516	reviewed	Complete read/review: local scope/cache invalidation, original confirmation ID/revision, source identity summaries and focused behavior tests.
frontend/src/features/account-workbench/__tests__/security-source-selection.test.tsx	04402d341dc1bcbf7d7c656c25644397700b276c3c42b69600230a20dc373de0	reviewed	Full read: source identity, scope, revision, selection snapshot, credentials lifetime, async cancellation and session expiry; regression verified separately.
frontend/src/features/account-workbench/__tests__/source-profiles.test.tsx	cd968bca5d03531f1dc1c085e31ece4af851eeb61e53b01ab6151a96a66e3d00	reviewed	Complete read/review: local scope/cache invalidation, original confirmation ID/revision, source identity summaries and focused behavior tests.
frontend/src/features/account-workbench/__tests__/source-security-batch.test.tsx	a0bac2184b3337cad2308a0681ba79d63c051be96fdd06d0ca259885addff6e6	reviewed	Complete isolated behavior tests: explicit authorization, expiry, rejection, late response cancellation, terminal source batch handoff and dialog closure.
frontend/src/features/account-workbench/__tests__/source-security-profile.test.tsx	fa989105430475f7a3a26849539d7fae0e16c028f29637c551d7ebeaad388dc2	reviewed	Re-reviewed explicit new OAuth after terminal checkpoint batch, original expiry, late session cancellation and callback propagation; confirmed source profile scope/identity/version tests.
frontend/src/features/account-workbench/components/workbench-artifact-profile.tsx	9fe55f1d91afc6506de8b9cef3d9858b6e43f6ba4beedb9c83124a2daab402aa	reviewed	Full read: source identity, scope, revision, selection snapshot, credentials lifetime, async cancellation and session expiry; regression verified separately.
frontend/src/features/account-workbench/components/workbench-export-artifacts.tsx	86e2befd54e1d769685612090ba4ae9971326e8e2845bf3ad020299332acaaee	reviewed	Full read: source identity, scope, revision, selection snapshot, credentials lifetime, async cancellation and session expiry; regression verified separately.
frontend/src/features/account-workbench/components/workbench-history.tsx	5ba32bff04a6d8c26c584454cfb8be1d0dfe1a1c58c536dafcf19f534e365743	reviewed	Full read: source identity, scope, revision, selection snapshot, credentials lifetime, async cancellation and session expiry; regression verified separately.
frontend/src/features/account-workbench/components/workbench-local-export.tsx	55c0af3851ee4657c1a7c0032c4ebc0fa925aee35cb5c21cd0d8be3a9f41828b	reviewed	Full read: source identity, scope, revision, selection snapshot, credentials lifetime, async cancellation and session expiry; regression verified separately.
frontend/src/features/account-workbench/components/workbench-login-profile-editor.tsx	7dc45d9bec0fa6209a3f24734b25f59f1cad2ba68411c275fd375f63e066208b	reviewed	Full read: source identity, scope, revision, selection snapshot, credentials lifetime, async cancellation and session expiry; regression verified separately.
frontend/src/features/account-workbench/components/workbench-oauth-batch-preview.tsx	a032d2191648693a16afb76d780d8ccce2bb91aad08d2377cffb5091ef31be2e	reviewed	Full read: local scope, confirmed stable identity, source batch ordering, expiration and private export contract.
frontend/src/features/account-workbench/components/workbench-oauth-batch.tsx	e45755fea943c47090995e6e2f9a1032727637aded5b48a54345a61c254d0eae	reviewed	Full read: source identity, scope, revision, selection snapshot, credentials lifetime, async cancellation and session expiry; regression verified separately.
frontend/src/features/account-workbench/components/workbench-oauth-checkpoints.tsx	7a5eed27b4ea0d90c244d83add35fbb10d93281ba7acf871ef230e1115dcbe01	reviewed	Re-reviewed explicit new OAuth after terminal checkpoint batch, original expiry, late session cancellation and callback propagation; confirmed source profile scope/identity/version tests.
frontend/src/features/account-workbench/components/workbench-oauth.tsx	4eaaab20ffb587ae75fec45f9a658a641e515b7bb7652fc7ae98db3be4f05992	reviewed	Re-reviewed explicit new OAuth after terminal checkpoint batch, original expiry, late session cancellation and callback propagation; confirmed source profile scope/identity/version tests.
frontend/src/features/account-workbench/components/workbench-preview.tsx	53c9e3684f4efdd0e27c077bd3b92e146396e2ef3bdd354270ac17cb59398e2f	reviewed	Full read: local scope, confirmed stable identity, source batch ordering, expiration and private export contract.
frontend/src/features/account-workbench/components/workbench-profile-export.tsx	88eb8e14cefddf74ca1cb7b58805751f912821374d10efd1cf4cf34cbeb1b7a4	reviewed	Complete read/review: local scope/cache invalidation, original confirmation ID/revision, source identity summaries and focused behavior tests.
frontend/src/features/account-workbench/components/workbench-security-authorization.tsx	eb5f2487717389dd24daae291c0e96df13f476af1c9297a864002b11d82a9599	reviewed	Re-reviewed explicit new OAuth after terminal checkpoint batch, original expiry, late session cancellation and callback propagation; confirmed source profile scope/identity/version tests.
frontend/src/features/account-workbench/components/workbench-security-batch-form.tsx	2176c1f8820e382938db1f1d2bb60134aeb519de5206516f4917f39c4e84401d	reviewed	Full read: source identity, scope, revision, selection snapshot, credentials lifetime, async cancellation and session expiry; regression verified separately.
frontend/src/features/account-workbench/components/workbench-security-batch.tsx	6725e43468585f332e864d85ba3538f3bdba2ab8fb1598276e868979b09b93c6	reviewed	Re-reviewed explicit new OAuth after terminal checkpoint batch, original expiry, late session cancellation and callback propagation; confirmed source profile scope/identity/version tests.
frontend/src/features/account-workbench/components/workbench-security-browser.tsx	fbfb09c52445389f423cce0d19e1c42ea56659f63436ef966cf4e924b19e62b3	reviewed	Full read: source identity, scope, revision, selection snapshot, credentials lifetime, async cancellation and session expiry; regression verified separately.
frontend/src/features/account-workbench/components/workbench-security-profile.tsx	bd68a8f62a57174fbb15b76552edf1899fea0a50caaf070394a57400ef2d23dd	reviewed	Complete read/review: local scope/cache invalidation, original confirmation ID/revision, source identity summaries and focused behavior tests.
frontend/src/features/account-workbench/components/workbench-security.tsx	c179d1928e571ccfd06f4a9338b11024a6d557ba471f10db2d77469f1a35ca86	reviewed	Re-reviewed explicit new OAuth after terminal checkpoint batch, original expiry, late session cancellation and callback propagation; confirmed source profile scope/identity/version tests.
frontend/src/features/account-workbench/components/workbench-source-profile-create.tsx	b3fafbda9118fb45fd1182c5ad9acb0462e5ce91d80b8029a81152c8c2abcf47	reviewed	Full read: source identity, scope, revision, selection snapshot, credentials lifetime, async cancellation and session expiry; regression verified separately.
frontend/src/features/account-workbench/components/workbench-source-profiles.tsx	e2cb97ac2373713c8594edd768508991ee59f6c62b263c89b56dc04dd5b4fd5e	reviewed	Full read: source identity, scope, revision, selection snapshot, credentials lifetime, async cancellation and session expiry; regression verified separately.
frontend/src/features/account-workbench/components/workbench-source-security-batch.tsx	11742c3c909d8ece76d530bc6cae7deffa2d32a11a220b28f01b48797254d465	reviewed	Re-reviewed explicit new OAuth after terminal checkpoint batch, original expiry, late session cancellation and callback propagation; confirmed source profile scope/identity/version tests.
frontend/src/features/account-workbench/components/workbench-source-security-profile.tsx	5c98709826de16ac346ced613ce06aa64333de1edc911648570ffc96e7207205	reviewed	Complete read/review: local scope/cache invalidation, original confirmation ID/revision, source identity summaries and focused behavior tests.
frontend/src/features/account-workbench/hooks/use-workbench-oauth-batch.ts	76ce2e3b91fab216acf214bc35de7241d51770e7918824bfd0a0383e93579d36	reviewed	Full read: source identity, scope, revision, selection snapshot, credentials lifetime, async cancellation and session expiry; regression verified separately.
frontend/src/features/account-workbench/hooks/use-workbench-security.ts	cf20d42993000394a2f01880e23e113e5d1f6fd81ca7ee94e9b8922ec5d662df	reviewed	Re-reviewed explicit new OAuth after terminal checkpoint batch, original expiry, late session cancellation and callback propagation; confirmed source profile scope/identity/version tests.
frontend/src/features/account-workbench/lib/security-schema.ts	4d2a5f0a59ef962187701946e88b7743ea78c93c3fda67e8e2e456cfeb605a20	reviewed	Full read: source identity, scope, revision, selection snapshot, credentials lifetime, async cancellation and session expiry; regression verified separately.
frontend/src/features/account-workbench/lib/security-source-label.ts	9b11315334054e18318c84978485baf8c97fe8b85093ca27d14c86a00fb14101	reviewed	Complete read/review: local scope/cache invalidation, original confirmation ID/revision, source identity summaries and focused behavior tests.
