frontend/src/features/account-workbench/components/account-workbench-page.tsx	6111c4e81387504be6b7328f78878c2fccb6f66d9eb10b2df3ec9ddd80334dd2	reviewed	增量全文复核：检查点与授权范围确认、恢复选项、工作台入口及凭据表单清理
frontend/src/features/account-workbench/components/group-picker.tsx	1743e0d73fc2aa29d7075866c3f30c9baeff484ef6675129b92b2081418f0a57	reviewed	稳定分组ID、禁用选择和空数据展示
frontend/src/features/account-workbench/components/workbench-cleanup.tsx	16b9ab4b62c3c0b3c30b1b6859fb2f24dbfe1c57e550e6c3f012d9518dbbd1e4	reviewed	增量全文复核：安全来源范围、清理预览、混合运行与批量授权互斥状态
frontend/src/features/account-workbench/components/workbench-export-artifacts.tsx	df75fc778020b30d68e8ee659a93bd6d7a609e0ac7a0dbe4147a1ec3f0fc0235	reviewed	增量全文复核：队列恢复、授权安全来源、本地私有产物及混合表单；相关问题已通过独立回归修复
frontend/src/features/account-workbench/components/workbench-export-panel.tsx	f2c23ec26526b59f596af8562e56899ce1e73a695ad1fc0efaaedefd7d508bc0	reviewed	导出来源页签关联及切换挂载
frontend/src/features/account-workbench/components/workbench-export-preview.tsx	a0755ba43ac907e7e7288b82e568921ad905ae21156b07b2f4dd9e8786dc7757	reviewed	导出范围及预览到期、二次确认和提交禁用
frontend/src/features/account-workbench/components/workbench-export-selection.tsx	316b2000407aa710a342c42d60eec46609a822646f00b4b537a41ac4e2beb893	reviewed	账号类型筛选、选择保留、schema提交及禁用边界
frontend/src/features/account-workbench/components/workbench-exports.tsx	f51c8539bf304a231170c1c6d6bd6aa6d5c512c1ddd5845070f5a32310b745f6	reviewed	迟到预览丢弃、取消代数、卸载回收及任务创建反馈
frontend/src/features/account-workbench/components/workbench-global-cancel.tsx	40fe0e555acee262f2d9868e7b63e69d318a9922aea615d33cc405db39922271	reviewed	活动任务范围读取、稳定ID/版本、取消二次确认
frontend/src/features/account-workbench/components/workbench-history-actions.tsx	952e4f5dfecadbbbdb0b80f8188d93e45f5ac287327d8016eec4a03e02c0a1e2	reviewed	批量操作终态筛选、ID/版本快照及执行中关闭保护
frontend/src/features/account-workbench/components/workbench-history-query.tsx	27b0489bb276b660481134626481b1ed74a96247501d801e328a8e65434d1016	reviewed	服务器分页、邮箱schema、查询变更清除选择及结果操作
frontend/src/features/account-workbench/components/workbench-history.tsx	f6d8f3f0bb716c86b2f013d5de4e7ba00e4fb0f2a8d5230d6db8567c20b81347	fixed	修复历史操作入口使用陈旧快照；订阅同一任务缓存同步终态和结果
frontend/src/features/account-workbench/components/workbench-import.tsx	0df294327098012f927025f1d84ea0e3f0bcd43945f09520324db8b06f109117	reviewed	增量全文复核：本地导出隔离、范围摘要、输入文件和恢复选项，仅受控API提交
frontend/src/features/account-workbench/components/workbench-login-profile-editor.tsx	2bedd45e2fa4eb067af2e0b7db8e9e5bf1cc80685fcdda62349a41338ce5d2a0	reviewed	资料保存稳定账号ID/版本、敏感字段清空和409冲突处理
frontend/src/features/account-workbench/components/workbench-login-profiles.tsx	5575f18463169ac487dee5fb2c3adcd01854f9c105e538d2ed4bf70272955845	reviewed	账号与资料稳定绑定、过滤选择、CRUD版本保护和清理范围
frontend/src/features/account-workbench/components/workbench-maintenance-authorization.tsx	a5f833b09678b9e1b500aad0ae0b79173029197e52b25eb6e46e58a171645dba	fixed	已修复并回归：任务完成刷新、独立本地查询状态、特殊状态名、确认目标固定或共享刷新提示
frontend/src/features/account-workbench/components/workbench-mixed-form.tsx	7017e1196e0bf5b9447f5b21dac583bc5443a2caf221cc22bda51fd027286af6	fixed	已修复并回归：任务完成刷新、独立本地查询状态、特殊状态名、确认目标固定或共享刷新提示
frontend/src/features/account-workbench/components/workbench-mixed-preview.tsx	d0cfa4057c08cdc049a68c71771c2c187ffdc09a2f6ac283068ebe3abc583706	reviewed	混合预览到期、输入错误禁用和二次确认
frontend/src/features/account-workbench/components/workbench-mixed-result.tsx	1c88bb5d2ea4222753dbd761b8feebfea81946126349ec2c21972eec584e2250	reviewed	混合结果预览代数防迟到、写入状态通知及销毁
frontend/src/features/account-workbench/components/workbench-mixed-rows.tsx	45c6b79e0bdad4c8b28c9968225a4a33b340ebf473e46f43073070507046f702	reviewed	混合来源与状态展示、稳定索引键和长文案溢出
frontend/src/features/account-workbench/components/workbench-mixed.tsx	3d7ed7ea84b1e73319ffab9a913b5f7b5cc472cf3945b35cdc66f4e637a436fa	reviewed	增量全文复核：安全来源范围、清理预览、混合运行与批量授权互斥状态
frontend/src/features/account-workbench/components/workbench-oauth-batch-browser.tsx	1d60aa1b512ce283f43846d525d7088600d0f2e28a6f1b9b5735489f71e0469c	reviewed	OAuth输入串行队列、卸载清敏感缓存、错误停止轮询
frontend/src/features/account-workbench/components/workbench-oauth-batch-form.tsx	2fdd6563eaf81cd23ec00f0d53566de8d7f26d525d85e219094f710aeb2b18fd	reviewed	增量全文复核：本地导出隔离、范围摘要、输入文件和恢复选项，仅受控API提交
frontend/src/features/account-workbench/components/workbench-oauth-batch-import.tsx	cfc9e41cae8cb5c6d3582f21f2611d3df5eccce56d5100ab53f2600e07c37f10	reviewed	增量全文复核：账号安全状态、授权预览与本地导出边界；取消确认已固定原批次ID并通过回归
frontend/src/features/account-workbench/components/workbench-oauth-batch-preview.tsx	07af4b7dd7b9a2d2037b4032099a6892a9dcf71e764c115d9e2f926be1c81cc5	reviewed	增量全文复核：检查点与授权范围确认、恢复选项、工作台入口及凭据表单清理
frontend/src/features/account-workbench/components/workbench-oauth-batch-rows.tsx	a7ba9c0d291d028302b4ee4f9cebce191add907151e1584f3d0edc7c237af3a8	reviewed	批量状态列与凭据摘要白名单、稳定行索引
frontend/src/features/account-workbench/components/workbench-oauth-batch.tsx	b0699a8fa1072e9eb0b9de014063e748d77f88b856fd2e6647e51babd1289e4e	reviewed	增量全文复核：安全来源范围、清理预览、混合运行与批量授权互斥状态
frontend/src/features/account-workbench/components/workbench-oauth-login-fields.tsx	8c4bb050ed479c1ddadc13fa9ab73dd44207b8acdd4272d1c267fc8b66c0115f	reviewed	登录字段类型/label/身份只读及敏感值输入
frontend/src/features/account-workbench/components/workbench-oauth-mailbox.tsx	dfd854a55f085db02e0006ad20345087f475c3b65d6e8b085eeaa2e82fd4c794	reviewed	邮箱模式字段、POST请求体和JSON编辑器边界
frontend/src/features/account-workbench/components/workbench-oauth-options.tsx	5f96568a17433f2a7591377d78c21e952e3201071328bf1c46cc103022810fe8	reviewed	增量全文复核：账号安全状态、授权预览与本地导出边界；取消确认已固定原批次ID并通过回归
frontend/src/features/account-workbench/components/workbench-oauth-panel.tsx	cd35bf26e872f49b92c4b5f2d69d0de99c1c27f7de4bc751e00cd9404be8ec1a	reviewed	完整复核并行修改；本地导出短信读取与检查使用独立scope
frontend/src/features/account-workbench/components/workbench-oauth-sms.tsx	69ecbce6ab507caa6e60829a3f35e671a95e984807cf2094241d05cb4ecd0e83	reviewed	接码供应商切换清理、价格选择重置确认、费用确认
frontend/src/features/account-workbench/components/workbench-oauth-start.tsx	791e90a836c5cf0e229253e58516fe1ba40ef85ff70e751ea0514a1586d057fb	reviewed	增量全文复核：检查点与授权范围确认、恢复选项、工作台入口及凭据表单清理
frontend/src/features/account-workbench/components/workbench-oauth.tsx	1da508fe2decc22fccad543705db7afa5aa0e28f872d8b5b9f1e706e45e9a423	reviewed	增量全文复核：账号安全状态、授权预览与本地导出边界；取消确认已固定原批次ID并通过回归
frontend/src/features/account-workbench/components/workbench-page-skeletons.tsx	6c6137b6ec539d1d7011a174c164c40125473a591011e775737345c8c3951c79	reviewed	首屏结构骨架、稳定尺寸及可访问加载名称
frontend/src/features/account-workbench/components/workbench-preview.tsx	09bbfbac7da47d5b108be800ff1f892b3eb0381907fc9e1b9398d10d81a406b1	reviewed	导入/转换二次确认、过期关闭、一次消费与写入禁用
frontend/src/features/account-workbench/components/workbench-profile-export.tsx	dc9c18ef9a9dffb129c3fca35060f549e29f94b664ee0b3e77b6084ad613ecaf	reviewed	登录资料导出版本快照、迟到响应丢弃和服务器私有文件
frontend/src/features/account-workbench/components/workbench-regeneration.tsx	54f86a9aa85a0460af84dbf9b0079515cb7582fea15d5e7aa384cd06548bfba9	reviewed	RT再生来源预览、到期与写入关闭保护
frontend/src/features/account-workbench/components/workbench-retry-options.tsx	d83771ad32b7cdaad46cba17ee82cd5ffa4b64fa3d7f09093f284cd0d70a3a3f	reviewed	重试模板与模型选择、表单schema和预览失效
frontend/src/features/account-workbench/components/workbench-retry.tsx	b9837fdbadb3e947bff71975298965e8ca5b07376f9c788bdd45f28749afee60	reviewed	稳定原任务ID/条目索引、预览取消代数及重试任务反馈
frontend/src/features/account-workbench/components/workbench-security-batch-form.tsx	f4bbc2050f9db4cdd529b49367c4c09dec664a43412e605645c572d3f94338fc	reviewed	批量安全账号筛选、输入schema及密码/代理提交清空
frontend/src/features/account-workbench/components/workbench-security-batch.tsx	536ba15527c88b7fef53293b415d6cb00caeb1be15f39e6a6ed1344decaff4c1	reviewed	安全批量预览/错误范围与取消确认；预览到期禁用待后续核对
frontend/src/features/account-workbench/components/workbench-security-browser.tsx	9beb17aa4e67670e4cfa25d615df026cde9cdf56ed334bde9724cf06db5d9745	reviewed	安全浏览器输入排队、轮询终止、操作后清图及卸载缓存清理
frontend/src/features/account-workbench/components/workbench-security-form.tsx	939c600a9dfbfbd1d58b751984d4fb7f520918b36238fb296c7937650ba5456f	reviewed	增量全文复核：安全来源范围、清理预览、混合运行与批量授权互斥状态
frontend/src/features/account-workbench/components/workbench-security-panel.tsx	f802f92835f7989e6dff90d423ad152385065f898849bcc6b6eaec59d4992970	reviewed	单/批安全页面切换与tabpanel关联
frontend/src/features/account-workbench/components/workbench-security-profile.tsx	13e9e271133c123e243d6cadc02be0187b5421ffcf5e91f472887365055809e8	reviewed	安全产物写入登录资料的账号ID/修订号和二次确认
frontend/src/features/account-workbench/components/workbench-security.tsx	36290e2c956926cd733ca3d16cdce0cad8f9548a938b0a72633301defe1e4b01	reviewed	增量全文复核：账号安全状态、授权预览与本地导出边界；取消确认已固定原批次ID并通过回归
frontend/src/features/account-workbench/components/workbench-task-results.tsx	2967051838eb2752e6855e0509ff059b93988ea071ac58cf3f2d5b1a29c9da3c	fixed	未知任务状态仅查自有字典键，避免对象/函数作为React子节点；回归先失败后通过
frontend/src/features/account-workbench/components/workbench-task.tsx	d4460ccc712ab4e863f788aff7d0dc246fe13a5a7d6297f19207cc2b45ca51f9	fixed	已修复并回归：任务完成刷新、独立本地查询状态、特殊状态名、确认目标固定或共享刷新提示
frontend/src/features/account-workbench/__tests__/history.test.tsx	1ca151407639b0e0a128d8850e7be009591fffc78caaa3e7226b131bdc90f525	fixed	新增两种工作台任务详情终态回归，已失败后通过
frontend/src/features/account-workbench/__tests__/oauth-batch.test.tsx	87d3ef7b75490bbbf764a97e670458b42c8f82d364c0af5ceccb79d631602ac7	fixed	新增导入/转换请求待返回期间结束禁用回归，已失败后通过
frontend/src/features/account-workbench/__tests__/conversion.test.tsx	47adade47eda4ff1d24a65223ee6f360e7cdc2f1c518ba5494a76ba57d8b57fb	reviewed	转换凭据重置、预览一次消费、失败恢复和卸载迟到响应
frontend/src/features/account-workbench/components/workbench-template-dialog.tsx	7bbc9e9e696baafa2f43506bd2ffb9dd37f0471a8e596a0249967b7bb55b4c22	reviewed	模板schema、来源版本核对和保存禁用边界
frontend/src/features/account-workbench/components/workbench-template-source.tsx	ce4a4068400a9b548f19093cd45717d5ff30b54aba4e27623198285c7fb1bbee	reviewed	来源按稳定ID读取、差异确认和独立预览缓存
frontend/src/features/account-workbench/components/workbench-templates.tsx	e5042683c6a8e1326fd7bc7489111b9e7946a80b4228b99d5e2e6d4928db8c5b	reviewed	模板CRUD/首选版本写入、来源摘要与长文本
frontend/src/features/account-workbench/constants.ts	e09b3f052be9379af9784503713577eb7980ebd220dc5767d9e7dd18c13f6e84	reviewed	增量全文复核：授权/混合队列恢复、离页保留、有限轮询与凭据内存清理
frontend/src/features/account-workbench/hooks/use-preferred-template.ts	02cfbadb8502013175cf1f76d3e413ed1fc5a3f222e4045179c0249ee708116d	reviewed	首选模板只初始化一次且用户后续选择保持
frontend/src/features/account-workbench/hooks/use-security-batch.ts	40d2105f37f9343ce31379018e9ee067938a51e84c260cac4e9ca4e714d6e6a8	reviewed	安全批量凭据ref清理、取消代数、到期释放；排除父组件到期禁用疑点
frontend/src/features/account-workbench/hooks/use-workbench-mixed.ts	2300762758f80e4998b37416fbe74551deaec559aeb2f401970bf6dd85d70f0f	reviewed	增量全文复核：授权/混合队列恢复、离页保留、有限轮询与凭据内存清理
frontend/src/features/account-workbench/hooks/use-workbench-oauth-batch.ts	7515cb32f9d43fa328d48d912a1811f84d223718edbe4e53994165088660ec04	reviewed	增量全文复核：授权/混合队列恢复、离页保留、有限轮询与凭据内存清理
frontend/src/features/account-workbench/hooks/use-workbench-oauth.ts	d0945f31c9009b053513aba037c96a93e7ad71bcb35e37fe2be55d012cec349f	reviewed	增量全文复核：授权/混合队列恢复、离页保留、有限轮询与凭据内存清理
frontend/src/features/account-workbench/hooks/use-workbench-security.ts	d6ee30efa9c9dce598f78ea693a6b60e2856c8b0081ef6e5ec47c4ff78e0b0b9	reviewed	安全会话唯一ID、敏感ref、顺序输入、终态通知和到期释放
frontend/src/features/account-workbench/hooks/use-workbench-sms-options.ts	5d0e48226d3db7e3ccc3229384e8b95a9032563f989655f05f939354c23b0946	reviewed	SMS价格凭据ref、AbortController及迟到响应代数隔离
frontend/src/features/account-workbench/lib/history-filter.ts	6ab3f9a471b90c38c711f25c8ffd38e2e178341a0b06e64a440111c8b5665f62	reviewed	历史纯过滤：状态与操作先筛选、结果邮箱大小写搜索
frontend/src/features/account-workbench/lib/history-query-schema.ts	6bb7ea969a1c15ee09fce20e35f8e2e85b8e6486717c830fade8e4fde753c11e	reviewed	邮箱去重与总长度/数量约束、schema错误定位
frontend/src/features/account-workbench/lib/mixed-run-schema.ts	88398430f895a2952efd7027fde44f072956747da6b413a3083ef773b3ea9f68	reviewed	增量全文复核：安全设置、恢复生命周期、批量队列确认和输入校验
frontend/src/features/account-workbench/lib/oauth-batch-schema.ts	75173ae93eadfd37d8c121f2e4ec670f620074a548ac82f878fb56c744ecdac0	reviewed	增量全文复核：本地导出隔离、范围摘要、输入文件和恢复选项，仅受控API提交
frontend/src/features/account-workbench/lib/oauth-login-schema.ts	64a22127298c300d21b5a1f3bae20b284c806d77b026a12e7f6e0608df5c2f1d	reviewed	邮箱HTTPS无userinfo/fragment、Headers字符串对象、微软邮箱身份一致
frontend/src/features/account-workbench/lib/oauth-proxy-schema.ts	662d608bf974567f62daac28d67fcbb008a271c2fd983aed1fa7ea10a9032853	reviewed	登录代理协议、路径/query/hash限制；公网/IP约束由后端负责
frontend/src/features/account-workbench/lib/oauth-sms-schema.ts	66bc37648ed295d052c2bd96e1dd7620f0d8822b27c526b9ec31bc0c8d278588	reviewed	接码凭据/供应商/费用确认与电话号码HTTPS收码列表校验
frontend/src/features/account-workbench/lib/preview-summary.ts	7030f3dbac3ce9b22c4affe8e385cbd049ae8fb4c05afd5a7869dcad55b8b76a	reviewed	增量全文复核：本地导出隔离、范围摘要、输入文件和恢复选项，仅受控API提交
frontend/src/features/account-workbench/lib/schemas.ts	820fe235409ffcbae0d2060a7e729e2da5e6584ba3705868e65bc0c618fa2acf	reviewed	导入/模板/维护/导出/重试schema与十进制字符串边界
frontend/src/features/account-workbench/lib/security-schema.ts	b906f9236049629533f71459eb07eefa4e474b789c5825f3c74741872ca1cbbf	reviewed	增量全文复核：安全设置、恢复生命周期、批量队列确认和输入校验
frontend/src/features/account-workbench/lib/task-results.ts	d520d74004f18842508a35f5cee381789e2ecc95354c8be1f782b3dc2fc1ec03	reviewed	任务结果未知结构规范化、索引与报告类型校验
frontend/src/features/account-workbench/__tests__/export.test.tsx	f04ffe46899ad9d13d68a76870a3fad34c6f5ea899876552be8cf8afdd0caea3	reviewed	导出稳定ID/确认、改变选择撤销、迟到预览、失败保留与私有文件删除
frontend/src/features/account-workbench/__tests__/history-filter.test.ts	ca84206dfc610e34e035eb735e567f4be650beb6793bdb335acaf187fa8a977b	reviewed	历史组合筛选及长搜索/空数据边界
frontend/src/features/account-workbench/__tests__/history-query.test.tsx	22624d7ba71ea447766904aab8b7f559ed446a276d26811c9a8b77703a9c6b88	reviewed	历史服务器分页、清除跨页选择、邮箱校验与取消范围失败
frontend/src/features/account-workbench/__tests__/import.test.tsx	283bf4513e029e9661156f83b559cf54264bee81cf07f6dae5cb02033b9a613f	reviewed	导入凭据提交清空、预览变更撤销、过期禁用及重复账号ID确认
frontend/src/features/account-workbench/__tests__/loading-layout.test.tsx	4be569aa60a45491265b2ec9c805c882a6bd1adfff26b71cbaa0bd7cc861d07c	reviewed	首屏各页面结构骨架、尺寸/列数/分组边框和无可提交按钮
frontend/src/features/account-workbench/__tests__/login-profiles.test.tsx	ece8f2549ae66ac3ac6f46e45749e0bfa67c1b89c93984a8f301434ea65094e5	reviewed	登录资料新增/替换/删除身份版本、敏感变量不缓存、409刷新及加载恢复
frontend/src/features/account-workbench/__tests__/maintenance-authorization.test.tsx	b50fa3dc21d92dd1ce0ec425440ef9edc53c5d179438c77f5bb1dc874f868667	reviewed	自动维护绑定二次确认、修订号冲突与离页保留后端队列
frontend/src/features/account-workbench/__tests__/mixed-run-validation.test.ts	f7b13f2fe675818495c399f6a8f9c6f2c412b0fc29a0db7e8cec71058950474d	reviewed	混合原文精度保留、UTF8大小与导入/导出模型校验
frontend/src/features/account-workbench/__tests__/mixed-run.test.tsx	fc82ad09e9fb632385deaf41e0fde1e3499405f56b1d2ab11abae1852d0ff531	reviewed	增量全文复核：混合运行输入隔离、范围确认、迟到响应、恢复队列及取消回归
frontend/src/features/account-workbench/__tests__/oauth-batch-validation.test.ts	2eb86eba8f2fae3e261cb225dd5a72f335e412da3c822924aa02eb5174116030	reviewed	批量输入空值/UTF8字节上限与SMS确认边界
frontend/src/features/account-workbench/__tests__/oauth-import.test.tsx	f239333c3a437e476feeae109484516c9cdb862f75deb4170135c47c40ded8ac	reviewed	单OAuth导入仅传预览ID、模型校验及配置变更/结束丢弃预览
frontend/src/features/account-workbench/__tests__/oauth-login-validation.test.ts	2ade3b719054168fb064ef8bf083a30cc260cee9569ad35f413653e8427b5aad	reviewed	自动登录密码/TOTP规范化、邮件身份一致、HTTP JSON原文精度和错误字段
frontend/src/features/account-workbench/__tests__/oauth-login.test.tsx	95730ce73ad835b5f9beaf57f7b9e82dc5a9514eaddd1e552850faccc9b2796b	reviewed	手工/自动代理请求、取消清密、迟到会话回收与字段可访问错误
frontend/src/features/account-workbench/__tests__/oauth-proxy-validation.test.ts	cdc68f727baf9750077220d0c9eaa326e78a9dff064babd036012bd3c99ed372	reviewed	代理协议/path/query/fragment限制与session占位原文保留
frontend/src/features/account-workbench/__tests__/oauth-session.test.tsx	49674515498e09fa63046f6c9770caa71cdc7b0b0c9081ab515326f9311963ed	reviewed	OAuth启动/终止、画面缓存清理、提前复核和查询失败交互禁用
frontend/src/features/account-workbench/__tests__/oauth-sms-validation.test.ts	37e688e807d042edfed7b5a1eda2cc7d5723421c35c1ab1d73b1e7695277156d	reviewed	接码费用确认、供应商独立字段、精确定价和HTTPS收码校验
frontend/src/features/account-workbench/__tests__/oauth-sms.test.tsx	eb07a99d44ae77c9f286ed395fc1bb1604a46554fc2c6b83ee00a15cb981f53d	reviewed	SMS读价、精确字符串提交、Key变动重置确认与供应商切换迟到防护
frontend/src/features/account-workbench/__tests__/preview-actions.test.tsx	f00afac323e0a6dcd1d537fa6d4bee67bd65f7fc2d9e05163e395fe207ff4075	reviewed	重试检查与只读核对的统计、范围ID及无模型调用说明
frontend/src/features/account-workbench/__tests__/profile-export.test.tsx	32c20befc1cbd3401229d076ecf9e345e98c56c72935b7f88f32e3d098fdc3a2	reviewed	登录资料私有导出版本/确认、取消/过期/失败重读与产物种类展示
frontend/src/features/account-workbench/__tests__/reauthorization.test.tsx	1cbca860c216887f9bc213beb6e41ab0e1b2ee401b27f0b0d1f6397c1c6f9225	reviewed	重新授权稳定账号/来源任务/失败批ID、替换清理确认与异步预览撤销
frontend/src/features/account-workbench/__tests__/regeneration.test.tsx	25479fc7e2206e3e38297e43b319b56e0e77c4e9a03a28c76baf1b1d41c02232	reviewed	再生来源版本确认、StrictMode不重放、过期/关闭/失败边界
frontend/src/features/account-workbench/__tests__/retry.test.tsx	2e13074ffbd7017514fe2b627406c9839c358b2b92aa5570933bbc10f7fe0453	reviewed	重试原索引资格、模型校验、迟到撤销、失败恢复及报告只读
frontend/src/features/account-workbench/__tests__/security-batch.test.tsx	129451cb4ce844730ac32700c4d0863f9b8e2e2de5c3cb6177d9ba266ea29aec	reviewed	安全批量预览确认、迟到取消及身份错误执行禁用
frontend/src/features/account-workbench/__tests__/security-profile.test.tsx	efb391acd5e9760eafa5ac2b2dba7e25dcb8231a412dc6e66b53d03db00b74c1	reviewed	安全产物写入资料稳定ID/版本、冲突和无资料边界
frontend/src/features/account-workbench/__tests__/security-validation.test.ts	860ba5bc7877a288aaf4c87c541caca03598e648981203f83157841bbe6f48d6	reviewed	增量全文复核：安全设置、恢复生命周期、批量队列确认和输入校验
frontend/src/features/account-workbench/__tests__/security.test.tsx	6439ec653396360fe1f9eeaae20f493525d9a49fa8d34c23260c2c0a4e5e408f	reviewed	增量全文复核：安全设置、恢复生命周期、批量队列确认和输入校验
frontend/src/features/account-workbench/__tests__/template-preference.test.tsx	20673e3eb7b389e178173700e4cc971f60f47870e912c27e74022d49c8906580	reviewed	首选模板只初始填入、用户修改保持、键盘首选版本写入与失败恢复
frontend/src/features/account-workbench/__tests__/templates.test.tsx	e2bb8411843e58d2684c923c6e6b3b899e79f9aa86808c663a6e7a49457af672	reviewed	模板来源稳定ID提取、默认配置补齐、差异取消保留及保存修订校验
frontend/src/features/account-workbench/__tests__/validation.test.ts	e52e3b8a3ecf5df25bfb5440a89bfb7591cce72134177fc4472731bca4afbba8	reviewed	导入字节限额、检测模型、模板域名与维护正整数校验
frontend/src/features/account-workbench/__tests__/task-result-status.test.tsx	123e5f93a409262d1738564d75d682f75d508472de63dc009aabed3bfe125cc1	fixed	回归保护__proto__/constructor/toString非约定状态原文与已知中文状态
frontend/src/features/account-workbench/__tests__/cleanup.test.tsx	9942b289ced663b64071d054f696302b5fdf3a4dad6bff4003697c46261732e6	reviewed	清理资料范围保留/删除计数、活动阻塞、失败/关闭迟到及过期保护
frontend/src/features/accounts/components/account-batch-probe-dialog.tsx	5d2e0e8b66fa901170e7690abac518e11e254716d833e6451d68d4d36747c9a0	reviewed	批量探活稳定ID/人工优先位过滤、后台任务反馈和终态缓存失效
frontend/src/features/accounts/components/account-delete-dialog.tsx	dd3be737a8a5792798f1be79860fa61c41844b26a27d01cf1a9ef1190cbb11ed	reviewed	删除范围读取、绑定ID确认、刷新错误禁用及任务展示
frontend/src/features/accounts/components/account-detail-dialog.tsx	5b1fde2ff2dc71a8e79b87fe8aa98b98d4d10a22b0a9a538abe5683f16fe6fe5	reviewed	账号详情弹窗尺寸、标题ID和内容滚动契约
frontend/src/features/accounts/components/account-latency-cell.tsx	6121d75eccb1687236b95baa7b272d3d39447765635d820c4cd8dae4bbaafb51	reviewed	真实首字延迟空值/异常值/单位格式及可访问Tooltip
frontend/src/features/accounts/components/account-live-status.tsx	cf936d175f2c3f84a55b9264265c39595cbd43bc99ff45fb28279c70854ad0e3	reviewed	SSE状态图标/ARIA名称与断连告警展示
frontend/src/features/accounts/components/account-model-sync-dialog.tsx	6a559719ef3f88226ae6f8623c7dd60c44175bcc1797efa1f5179f2cec376572	fixed	修复发现/应用状态查询失败锁死关闭入口，补共享重试读取；回归通过。
frontend/src/features/accounts/components/account-operation-buttons.tsx	76a5ae0401f3b45dce15063a84acc90fce6facf75f354f7656ef68c8c65619a0	reviewed	账号操作入口重导出与现有引用契约
frontend/src/features/accounts/components/account-operation-controls.tsx	15988575ec3753cdf09d54ffecfd90aad8e12c0f0eed4db448cbef0a2bb8f3ce	reviewed	账号池状态决定暂停/熔断/恢复操作、人工优先位禁用和危险动作确认
frontend/src/features/accounts/components/account-pool-cells.tsx	fd907cceacc34174cf8e5a1e868a9bbc276d69f50d23b5234754595eb73e24ee	reviewed	核对账号池状态、延迟、模型和分组展示；状态与地址字典来源待随领域 helper 交叉确认。
frontend/src/features/accounts/components/account-probe-dialog.tsx	9d7c63c8f7f6f65192843a154158b42738d13d0c1eb8533532459e0cd4561047	fixed	默认模型查找仅使用平台配置自有属性，防原型键崩溃
frontend/src/features/accounts/components/account-recovery-status.tsx	c5b4875466ec943ac3034b552e6f74e434bee7945da85d81a96ece1e402a50aa	reviewed	核对恢复条件及评估时间展示，长文本换行与列表键合理。
frontend/src/features/accounts/components/account-settings-panel.tsx	e8f3fe26c0b57b06bef87040578e38ab509955f05e2fbec929f46bc79099e81c	fixed	修复详情后台刷新覆盖正在编辑表单，保留同账号脏表单；回归通过。
frontend/src/features/accounts/components/account-sort-header.tsx	17fd0022317781218911296c846f3c04ea454e147e0dc257f5efcac68dd94ce9	reviewed	核对三态排序与 aria-sort、按钮可访问名称一致。
frontend/src/features/accounts/components/account-status-tabs.tsx	111353404487f9a2af7240d22df67c849605b87ab2056abf6bd2d82f60a3ff4e	reviewed	核对账号状态选项通过字典排序并保留 all 空筛选映射。
frontend/src/features/accounts/components/accounts-page-actions.tsx	ded5418a0f94d1a18d09d53ef8499fe02845c8d68d9da6031d85ad46829e3e6f	reviewed	核对账号维护按钮禁用边界和命令回调，无额外网络读取。
frontend/src/features/accounts/components/base-url-check-results.tsx	00a4fd7ae51b399dd7dfe351e1c8f37a6a704742b22dd5d81fa494b91eabff30	reviewed	核对稳定账号 ID 修复、地址状态排序、搜索与分页；刷新和修复由上层任务管理。
frontend/src/features/accounts/components/manual-priority-dialog.tsx	71cdc6f6b1352c78db4f7def264873d8b02599cc6a9917118147f259d6165af4	reviewed	核对分组内人工优先位占用、提交数值和 pending 禁用；UI 使用稳定 ID 找当前账号。
frontend/src/features/accounts/components/platform-probe-dialog.tsx	e9a39ee0e983c9dcbb14e7f1b32c7c09261ed283aff0d3d8ec3e29b89780c492	reviewed	核对探活平台字典顺序、运行结果防御解析、后台任务缓存和提交禁用。
frontend/src/features/accounts/components/probe-task-timeline.tsx	2d24d260277540911438bc1aee40e5a9dd42ef472df89fa6b3edd02af47580da	fixed	修复任意阶段字符串读取原型属性，摘要及历史均使用字典自身值；回归通过。
frontend/src/features/accounts/hooks/use-account-result-events.ts	58179ec3adc230852cf057ee7cc2327e609ddbaa29d58e8ec2acba9847fbe5af	reviewed	核对 SSE 输入 schema、账号白名单、最近证据去重及卸载清理；只更新对应账号缓存。
frontend/src/features/accounts/hooks/use-onboarding-probe-task.ts	96b429ebf5821c8e878a8c4f01a6d7882cb85e5b76a6aae8e2a318f9836791ab	reviewed	核对模型探活互斥、任务轮询、取消冲突复查和卸载取消，历史上限 200。
frontend/src/features/accounts/lib/account-deletion-progress.ts	7282dff3438e666e2fa01c8ffcb300d28f95526e6af00edae3e09872a7ef767f	reviewed	核对仅凭 local_projection_deleted 结果移除稳定账号 ID，保留未变缓存引用。
frontend/src/features/accounts/lib/account-labels.ts	d4d3537c000c29d6039fb36f2bf80a5512374c8295a62c2da0e00c8fc700545d	fixed	修复未知平台命中 Object 原型属性，未知值保留原文；失败回归转通过。
frontend/src/features/accounts/lib/account-pool.ts	0fc723de61accdc1cfb851ad79c7a90d191519d70db8fc870b654100a5b7930a	reviewed	核对账号状态计数和过滤，账号状态 helper 的原型键问题会传递至此，随 helper 修复验证。
frontend/src/features/accounts/lib/account-selection.ts	a12810b4311d138f3b6d74245982f0c4084edfe65d5b01e60ce937b07cd00a0e	reviewed	核对稳定账号 ID 选中更新、失效移除和集合相等，时间复杂度线性。
frontend/src/features/accounts/lib/account-sort.ts	33a05a4060267517db8fbb2388c10ac02fcc700a572a0aa16e284d819c1190fc	reviewed	核对空值始终末位、排序三态、ID 稳定并列与名称 Collator 复用。
frontend/src/features/accounts/lib/account-state.ts	c77a32ef7fa23d386defcdf1953329089a41fdda7773d82205f04a96616a15a5	fixed	修复未知状态命中 Object 原型导致账号池崩溃，回退 unknown；失败回归转通过。
frontend/src/features/accounts/lib/live-results-status.ts	2b0c0dbdc1e60d05734472cd7cbaba18d0af74e7dbeb55e04837ff9f1e915fa0	reviewed	核对 SSE 展示状态为本地封闭枚举，错误原因与重试信息匹配。
frontend/src/features/accounts/lib/platform-probe-schema.ts	3b0090b16640ed4ae1e16126b4ef1e20f5f822e22afde87e53b816282dfde936	reviewed	核对平台探活 schema 的必填、长度与 trim，模型保持原协议值。
frontend/src/features/accounts/lib/__tests__/account-labels.test.ts	dff67e9c1f990939273eb82d789f8522df424c2bcf6b2693592764cf3eb276b6	fixed	新增外部平台 __proto__/constructor 原文展示回归，先失败再通过。
frontend/src/features/accounts/lib/__tests__/account-pool.test.ts	02c1b564e430d184f026bdf837eab3b9b272d4fa2a137d8afb5653ec4f3d39e4	fixed	新增健康状态原型键归入 unknown 回归，先失败再通过。
frontend/src/features/accounts/components/__tests__/probe-process.test.tsx	6a70bd05ea0fd7cfb7a230eb077f46d951355fe43a6a525c6f0bffc7045a897f	reviewed	核对探活创建、清理失败、取消时序测试，使用可控 Promise 而非定时 sleep。
frontend/src/features/accounts/components/__tests__/model-sync-failure.test.tsx	1938d9b561599d9a2b56c2b549e00472253c62c0aa623902592a9d221abc2af5	reviewed	核对发现和应用终态失败信息；现有测试未覆盖状态查询网络失败后关闭。
frontend/src/features/accounts/components/__tests__/account-settings-panel.test.tsx	4646b7296e940f6aada5b59e2cf9580424f2c5b83fe215225ab161147641cac1	fixed	新增后台详情刷新保留编辑模型的失败回归，9 用例通过。
frontend/src/features/accounts/__tests__/configuration-repair.test.tsx	6f8e3f8e7b8cc229a4600896511e6a4c774791c3f8f691300f4af871515b6bb6	reviewed	核对 Base URL 修复成功只通知一次的集成回归与隔离 API mock。
frontend/src/features/accounts/__tests__/fixtures.ts	b7f5248e51780634ed719c78d7e07a4452bcf72f495c8838259736c42edfc9d4	reviewed	核对账号和策略 fixture 显式值、隔离 .test 上游与任务结构。
frontend/src/features/accounts/__tests__/maintenance-loading.test.tsx	0381eaa0371d1aff35c5972777962332c6774f40235872ba11c58ce31fc6ed1f	reviewed	核对维护任务创建后首次读取挂起保留真实忙碌状态。
frontend/src/features/accounts/components/__tests__/account-batch-delete.test.tsx	55507eb7ac280431d2f585912809780cb97cef1dcda7f6db91ca7aec2acc89e9	reviewed	核对批量删除局部成功结果和实际进度展示。
frontend/src/features/accounts/components/__tests__/account-batch-probe.test.tsx	464b91aa2ba7130641106fcd9c1918cc807e341eb6962bc90e621b4f8d96c4d6	reviewed	核对批量探活稳定 ID 范围、人工优先排除、数量上限、启动互斥及失败重试。
frontend/src/features/accounts/components/__tests__/account-current-error.test.tsx	5a5d661c57ff4dfaada7b342afaaf36a6712a00f9f72cce878b166c11abecba5	reviewed	核对 Sub2API 当前错误与历史证据隔离，状态恢复清除旧错误。
frontend/src/features/accounts/components/__tests__/account-detail-dialog.test.tsx	f55564c08c49e3a99e7f6f55ffde3498074f6f7dd50c1b9d2fa2ab53b45aa43d	reviewed	核对详情弹窗宽度及自适应内容溢出契约。
frontend/src/features/accounts/components/__tests__/account-latency.test.tsx	5ded35c5ca98b8fcc5daaf03c214c32fc3043f8dae83ba70af3bd7fd0a7231c1	reviewed	核对延迟缺失、无效值、毫秒精度和键盘说明入口。
frontend/src/features/accounts/components/__tests__/account-live-status.test.tsx	de8d97a3a79f5cbb38c29287ef479802f204140a67afd35d446030e493645069	reviewed	核对实时连接图标可访问名称、失败说明和空订阅隐藏。
frontend/src/features/accounts/components/__tests__/account-model-sync-dialog.test.tsx	5739dfba0043cc76f751c720991360dd79771e4f35c6a82be5a99c5d7ed8626d	reviewed	逐项核对批量模型发现、分组选择合并、屏蔽规则、预览版本冲突刷新、结果详情和取消任务的 12 项测试。
frontend/src/features/accounts/components/__tests__/probe-stage-labels.test.tsx	4f07b4abf4a9d0988b4a47286c793d4233bc654f7b4835c306771e755f1d595b	fixed	新增三种原型键阶段的摘要及展开历史回归，先失败再通过。
frontend/src/features/accounts/components/__tests__/model-sync-read-failure.test.tsx	2743afc7e4a9f8372fd785b015fbcaa502681c34ca6ee6c55dbf8f295be3272f	fixed	新增发现/应用查询失败重试并关闭的行为回归，先失败再通过。
frontend/src/features/accounts/components/__tests__/account-operation-buttons.test.tsx	b7c45be03b374ef844ddb68b555588f47843df5ebbb9ae0bc87a105f24041059	reviewed	逐项核对账号动作、人工控制约束、二次确认回调、键盘菜单焦点和忙碌禁用回归。
frontend/src/features/accounts/components/__tests__/account-pool-cells.test.tsx	58a5cff9112dba6194c5374a7c48f2dc8884383e0e7f55801243d0fe3dec62e7	reviewed	逐项核对账号池有效状态、异常确认、调度开关、当前错误、恢复条件、证据用量和延迟展示回归。
frontend/src/features/accounts/components/__tests__/account-probe-dialog.test.tsx	dd4a356124882237fadd4d309561af198bd2ef0a84106445ab9ad18a17a8eb98	fixed	探活行为与平台原型键回归14例通过
frontend/src/features/accounts/components/__tests__/account-recovery-status.test.tsx	054cebd43bd448de9c063fcbadbabf00f6a53e218f63915065abd4a71e381082	reviewed	核对恢复门槛与实际执行分开，摘要只展示未满足条件。
frontend/src/features/accounts/components/__tests__/account-sort-header.test.tsx	88f8f1ce64b79e0e96ff00b416adc94c30326cbcbec9d3d75c9721e7d8c35555	reviewed	核对排序列 aria-sort 与下一动作可访问标签。
frontend/src/features/accounts/components/__tests__/account-status-tabs.test.tsx	ac87c2826085bdafb650ef86db760a85e5cdc18376e06c6a130f9bb006e7870f	reviewed	核对账号页筛选、维护菜单、选中条、分页、人工优先和行级取消的集成测试。
frontend/src/features/accounts/components/__tests__/base-url-check-results.test.tsx	48f9f037badee371479402897b843359dd78e20e871d7b3b05fec3d602cd6215	reviewed	核对校验结果操作栏顺序、分页及无重复统计说明。
frontend/src/features/accounts/components/__tests__/batch-delete-failure.test.tsx	a7d8eb5916fe6627d0f789432c70565497e90b7355211d42e4393954af0ffeb7	reviewed	核对批量删除明细前失败与取消后保留已完成结果。
frontend/src/features/accounts/components/__tests__/delete-loading.test.tsx	f42b4a4ee47f1127f98871a10e52bc7afb7cda241b0a80f4dbbcef6b113e7bc1	reviewed	核对删除范围首次加载禁用确认，隔离 pending 网络和清理。
frontend/src/features/accounts/components/__tests__/layout.test.tsx	27478fa74744edf254e33ef5d639d65e0b52603d7af3124c0e4221ceb24d5b6e	reviewed	核对紧凑状态摘要优先级，展开恢复完整原因。
frontend/src/features/accounts/components/__tests__/maintenance-terminal-status.test.tsx	6e10ec1e2fdb3bec3cd4602b78e2d5f4e1805df24d3418086bb443c954e60acd	reviewed	核对维护终态取消与部分失败保留真实原因。
frontend/src/features/accounts/components/__tests__/manual-priority-dialog.test.ts	0b7b71ba1cde2c9b5294f41c74b8897bf72112fbc08c2ad668cf283a0f3ed360	reviewed	核对共同分组优先位占用与初次默认值、修改回显。
frontend/src/features/accounts/components/__tests__/manual-priority-scheduling.test.tsx	397025f6a5813f3bf09871b3fc96194f297ffe6b0aca12e7388745a1680fbe4d	reviewed	核对人工账号由关闭改为参与调度并提交完整设置。
frontend/src/features/accounts/components/__tests__/platform-probe-dialog.test.tsx	552f9e1462cb6c0e8f18701aaaceae16b4b6effd7448b13ab2c647277acd07b6	reviewed	核对平台精确聚合、任务移入后台、历史条数上限、结果保留与分类切换。
frontend/src/features/accounts/components/__tests__/probe-key-source.test.tsx	bac64430442e8d93ccdd067d9af84d4207d6e3be6d22483831c8f197659e30eb	reviewed	核对已有 Key、临时创建、未知来源阶段不混淆。
frontend/src/features/accounts/components/__tests__/probe-layout.test.tsx	751c9f8e7fe893678126242ffff00d123862ee74b30ea6c8cf5623fecee4b9a0	reviewed	核对进度折叠键盘操作及真实失败阶段。
frontend/src/features/accounts/components/__tests__/selection-toolbar.test.tsx	a2e266511a4c33def59d3147366d8862a5b04bc607ff49a29c67c41cab5db46b	reviewed	核对批量 pending 阶段清空按钮和 Escape 均保留选择。
frontend/src/features/accounts/hooks/__tests__/use-account-result-events.test.tsx	eba94042feff27be494acd1e9cd02959e519765fedfcb13c6902c82fba416609	reviewed	核对 SSE 去重、迟到事件隔离、翻页关闭旧连接、失败重连与恢复。
frontend/src/features/accounts/lib/__tests__/account-deletion-progress.test.ts	3cc0fd5f7b520951c3f8bd030c23ca784342c0059e0fbb4dc4f6f18b0057dc1f	reviewed	核对删除必须本地确认后更新缓存，部分成功及无变化保留引用。
frontend/src/features/accounts/lib/__tests__/account-selection.test.ts	5e65d014400552096803238ea9fce7a9c67b83920ee1c77d5a878fc372360b1e	reviewed	核对跨页选中保持、单页撤销、刷新裁剪及与插入顺序无关的集合判断。
frontend/src/features/accounts/lib/__tests__/account-sort.test.ts	ea0363025246913de67e16823ebb430d6fb222728737bbaf969e57d5adcbe56b	reviewed	核对排序三态、人工优先、空值末尾、自然名称和不修改源数组测试。
frontend/src/features/alert-policy/components/__tests__/alert-policy-page.test.tsx	90933f2d8d3e7270989f066fcd434db08508afa6a8ead66e855dd41126b2ef12	reviewed	核对告警页所有检测与恢复控制、敏感通知摘要白名单以及首次读取失败禁用编辑。
frontend/src/features/alert-policy/components/__tests__/fixtures.ts	b036ca08b435479023a76c7de4d8f772c3919a6257594b1749a960923283a30c	reviewed	核对告警策略、分组和通知状态隔离 fixture 的显式配置。
frontend/src/features/alert-policy/components/__tests__/layout.test.tsx	cc2e10a15b1dd95ed6131833348f55ab319f5d9a81468ef5f32309bf1c14d774	reviewed	核对告警检测归属、键盘顺序与发送频率字段位置。
frontend/src/features/alert-policy/components/__tests__/loading.test.tsx	c9ed8ceba79e562b2dc52b6505cddfd075b5a7bc740d839f7595e816d9002159	reviewed	核对告警加载骨架、脏草稿与恢复默认保留、后台失败后重试及首次失败禁用表单。
frontend/src/features/alert-policy/components/__tests__/selection.test.tsx	5e6865d97cbea8a541803b15f0e052eeb46bedc89caa2a69add70779d16ca867	reviewed	核对主开关联动保留选择、通知与检测独立、键盘恢复类型提交与完整策略保留。
frontend/src/features/alert-policy/components/alert-policy-layout.tsx	2e8c1e2c32d18b829c3b2363475b0083efb4d23aa362e8eef1bfcd2ccffbf324	reviewed	核对两列检测与通知区域布局，DOM 阅读顺序与移动单列匹配。
frontend/src/features/alert-policy/components/alert-policy-page.tsx	7232cada6baa2fa6085f65a74cd5591bbdcee4c72c82aa23bc64ee28c1d447ae	reviewed	核对告警策略 Query 状态、脏草稿保护、默认值恢复和保存请求边界，失败保留编辑。
frontend/src/features/alert-policy/components/alert-policy-skeleton.tsx	17eeb534d0926833a30b55b21b92cf08f812f22d3942747404c17b7d0230a4ed	reviewed	核对告警骨架按实际字段结构生成、唯一状态提示及装饰隐藏。
frontend/src/features/alert-policy/components/detection-settings.tsx	8540ff6c5cd1d736fb73fe5641d07e170a572702bf15507b26d05e603ee354df	reviewed	核对检测规则和降级子类型的 Controller 绑定、主开关禁用与原值保留。
frontend/src/features/alert-policy/components/notification-settings.tsx	89c71e713c3d2e705b86f0a9284840046582c2f5d0dcff46dcf2d9aede639dab	reviewed	核对通知开关、恢复类型、频率校验与渠道摘要，只消费状态白名单；channel_type 为后端受控枚举。
frontend/src/features/alert-policy/components/setting-switch.tsx	da67d5e56a0e9e46757c439e2609bf0132108cf42a4d2bf4032c2ead8df448b1	reviewed	核对每个开关唯一 ID、中文可访问标签和禁用样式同步。
frontend/src/features/alert-policy/components/threshold-settings.tsx	15d888abac194346c7835da1a81667a17de76bd39ffff3d43d60ff22fdd0c3ed	reviewed	核对余额阈值增删边界、字段错误、分组读取失败禁用并保留选中项。
frontend/src/features/alert-policy/constants.ts	5cae29320f43a4f9b284949d97bbfe694784d2c25aaa0922ec4ab62b738e0f1e	reviewed	核对告警类型、分组规则与恢复类型集中常量映射一致。
frontend/src/features/alert-policy/lib/__tests__/alert-policy-schema.test.ts	dc82ff9d7ba2c8511a6c4f417ef940ae31b60ed366ddd1aac08c070dbe41d1bc	reviewed	核对默认告警策略、未知枚举与阈值/间隔边界验证。
frontend/src/features/alert-policy/lib/alert-policy-schema.ts	44b9272371650bffb7ea97d3f2fbc6fe161022514b75a6118f4b71402f66a82b	reviewed	核对告警表单 schema 全字段类型、有限正余额值及合法默认配置。
frontend/src/features/alert-policy/lib/update-selection.ts	8b9926cc525e322778cd543f27623143f748740abcc90dccc72f3a6e6e648a3c	reviewed	核对类型选中保序去重、取消过滤和不修改输入。
frontend/src/features/alerts/components/__tests__/alert-list-actions.test.tsx	dab97a56d701a2f1b119bf731c4fd5dbb996f5fc070948ad0241a263e2445070	reviewed	核对已结束告警清理按钮受全量可清理记录控制，读取时禁用。
frontend/src/features/alerts/components/__tests__/alerts-page-layout.test.tsx	3ee1fd1edbf596bf59c7ecd9d18dfd2e41684421966240b97902a2c3bb8c9ec8	reviewed	核对告警字典筛选、队列入口、分页滚动区及长任务结果约束。
frontend/src/features/alerts/components/__tests__/notification-queue-status.test.tsx	77955d87184553248058dfa350ae5fc60d9bb111bc9a07ffb2c16bdee03750e1	reviewed	核对通知队列合并展示、搜索分页、原触发原因与恢复状态、重试次数。
frontend/src/features/alerts/components/__tests__/query-errors.test.tsx	81dc1300e237f5e50fd9a9e15a7d1806fdf1cd46fd2bd212ca84457cfcd97e34	fixed	新增关闭重开队列后旧请求迟到回归，先失败再通过；覆盖失败 toast 与重试。
frontend/src/features/alerts/components/__tests__/refresh-retention.test.tsx	6680c5190f0bc09949cff9cd2e01c2a737ebc57c5dcc8cbc26647291c7e4c405	reviewed	核对告警后台失败保留数据与分页、禁用清理。
frontend/src/features/alerts/components/alert-list-actions.tsx	3127f319d19e0ebb359402dee5795febe46bc01afab7938ce85aa1b61640d997	reviewed	核对清理操作的读取中/失败/空范围禁用，无网络副作用。
frontend/src/features/alerts/components/notification-queue-status.tsx	29252ccafc487395a42c43809221668311e48709fda48bd2c26bb838f019fb8c	fixed	修复弹窗旧请求覆盖新数据/加载状态，关闭和卸载使请求失效，保留最新读取结果。
frontend/src/features/alerts/lib/__tests__/alert-display.test.ts	9612046a48d18018d112726a22e6c16267d94192db2c381de06b029afd2c07e2	fixed	新增八种告警字段原型键回退回归，先失败再通过。
frontend/src/features/alerts/lib/alert-display.ts	610620044953c5e6d9752d6492ebf828878dc922b029ee268faa6c1deff2067d	fixed	修复告警类型、主题、原因、恢复原因、状态、通知与对象类型读取原型属性导致的展示崩溃。
frontend/src/features/auth/components/__tests__/login-page.test.tsx	2c654c4b9f591d59453148e5ce92e77d9c12b538ddbb77ad016b5e144f6008e0	reviewed	核对登录可访问标签、键盘顺序、空值校验与会话过期提示测试。
frontend/src/features/auth/components/login-orchestration.tsx	1bb2feb44024f0ed3b8e6d8310e0c1bdbe26b234b3a1ec66619d0e5fdaacd54a	reviewed	核对登录示意图不作为真实服务状态，外部图片为本地品牌资源，移动和桌面独立布局。
frontend/src/features/auth/components/login-page.tsx	2df8998f3cca7f19457dfba216b33d4324ce149189777873ec972cf3e9fb6e81	reviewed	核对登录凭据只在内存、请求禁止重放、gcTime=0、成功清空与 pending 禁用。
frontend/src/features/auth/components/login-shell.tsx	a580a8580a929f1adf53d743ed0f8e2aa31d26b53ad1765061542a1721620c95	reviewed	核对登录主题控制和表单容器自适应布局，标志资源本地引用。
frontend/src/features/auth/components/login.css	1bed3a0b0181d817739bda55b97ab1e601e07491becee47356f9f4b753446b1f	reviewed	核对登录图动画有限 CSS 开销和 prefers-reduced-motion 降级。
frontend/src/features/auth/lib/login-schema.ts	c785f98e50b8240c5fbc36777e8f431fe459c032b69de5fcb958f6460f870e09	reviewed	核对登录 schema 必填，密码不裁剪避免改变有效凭据。
frontend/src/features/auto-inspection/__tests__/auth-recovery-failures.test.tsx	5d0105701ee9b70abbc503174ad74737058124181166d1403ff9eb49fddb08ed	fixed	已修复并回归：价格写入读回校验、特殊协议名、Token整数精度或鉴权失败重试
frontend/src/features/auto-inspection/__tests__/auto-inspection-page.test.tsx	5872ac8596e3a044a10a2cf92840f0cbd0157f40e085d7be0f3bbc5ec9d4a86a	reviewed	完整核对巡检页面及全局状态、草稿合并、任务/心跳布局、真实进度、独立倍率任务、错误/取消和缺失历史兼容测试。
frontend/src/features/auto-inspection/__tests__/deferred-probes.test.tsx	73e57cbf5a87a526f375b1b627e89f3020fd2735cb3176bdfa7d42a409ada86b	reviewed	核对批量探活延后账号数优先展示，无值/零值不伪造延期。
frontend/src/features/auto-inspection/__tests__/heartbeat-cancellation.test.tsx	95de03460a250c1b9626500091ecc72c5a845574d72097908a51d04e830dbdfd	reviewed	核对巡检取消中性展示及取消原因保留。
frontend/src/features/auto-inspection/__tests__/live-progress.test.tsx	6c559e91c66509099e5b7ff039c5e6ea914d2168b5d7916f7ff2c8e64768aeda	reviewed	核对心跳实时任务阶段读取、轮次隔离、首次失败不复用旧阶段、未建任务不请求。
frontend/src/features/auto-inspection/__tests__/loading.test.tsx	9080cc933c61950374a0b419ed3445f4dad045ac669c1cc6d4b9751aa77b77c1	reviewed	核对主任务与独立倍率任务读取使用轻量状态且不伪造进度。
frontend/src/features/auto-inspection/__tests__/settings-pending.test.tsx	4fe2da3eb5f17141d7fd0f4dca7f5ab28d563d7ddaf36f6a11d256f3ed6c16be	reviewed	核对巡检设置写入中锁定输入，成功和失败后均恢复编辑。
frontend/src/features/auto-inspection/__tests__/writeback-failures.test.tsx	9f9f89c3f890410420674d80428d370b7872235893c219377caddee9485c0825	reviewed	核对调度写回失败稳定账号 ID 明细、部分缺失、成功跳过排除、加载保留和长文本可访问滚动。
frontend/src/features/auto-inspection/constants.ts	18fb3bb696dcedcc28e52b185d899ba32121e52a699b93da7e5e667d0b714409	reviewed	核对浏览器人机验证指引集中常量；调用方在父任务 App 审查范围。
frontend/src/features/config/components/__tests__/account-creation-settings-card.test.tsx	9a2b50f81ff9337af24abf05c6fbe97a00cd8134c6f5f6ac00fb16f3095f2d43	reviewed	核对开户设置池模式影响范围确认、平台模型保存、继承开关、独立分组保存保留其他配置及校验失败。
frontend/src/features/config/components/__tests__/account-creation-settings-layout.test.tsx	8b5574957a340d0d377df60d44902be699e9aa8f37aa562ee86f64c0210b92ef	reviewed	核对开户模型/路由分栏、长分组名收缩及独立开关布局、展开禁用按压动画。
frontend/src/features/config/components/__tests__/dictionary-layout.test.tsx	f3f47fcd4f491049951cb40a836e1d1f605927a3ac253517117896f1635b639b	reviewed	核对字典首次读取骨架、失败重试及空状态时序。
frontend/src/features/config/components/__tests__/dictionary-management.test.tsx	4430860b92454ca85360b4c0a8e94d780bc3dcd062e54eb07777354f5f1eae23	reviewed	核对字典排序乐观更新、失败回滚及切换类别期间精确缓存隔离。
frontend/src/features/config/components/__tests__/loading.test.tsx	5e9e23cd0660f53c9a83cd70b923eb9218b3ab67a6a014f2a37ef01b20c2ed84	reviewed	核对连接、通知和界面配置首次加载均使用骨架无伪造进度。
frontend/src/features/config/components/__tests__/model-sync-settings-card.test.tsx	35d791e41c52ec39d5ab579c9006072ed1c1c563f69c40ce3388ae41100dbf5f	reviewed	核对屏蔽规则按行去重、大小写归一策略与 200 条上限校验。
frontend/src/features/config/components/__tests__/navigation-settings-card.test.tsx	255e1e36ae9aabe4e6a6d7aa8d7b93a103be2e69c82ad35e6715af4a64016b13	reviewed	核对菜单偏好显示数量、锁定系统设置和恢复默认入口。
frontend/src/features/config/components/__tests__/notification-operations.test.tsx	7f50ae00e536d4c3a4c985e467eef2cf80b39ed8e9a00f370df30b4b4bbad79d	reviewed	核对通知测试必须 sent=true、保留业务失败原因及连接发现 pending 输入锁定。
frontend/src/features/config/components/__tests__/page-loading-layout.test.tsx	cdb74d90d69e9961ff6c090ee5108f60041beffb675e5e46d641a813d81a2500	reviewed	核对设置页真实模块骨架、父配置异步不重建子模块、独立字典与概要缓存保留。
frontend/src/features/config/components/__tests__/platform-probe-preservation.test.tsx	b398a836eafe157c0a1c778e3ac80c4a89b5e267966ebaf16a6f05e2d0ff2945	fixed	修复保存等待输入锁定、原型键平台过滤或刷新草稿丢失；失败回归转通过
frontend/src/features/config/components/__tests__/query-errors.test.tsx	8decfaf114168dc3232f77f1ccfa2c68ea7aee1516fd3d68faf783c53bdad383	reviewed	核对设置 Query 错误全局/局部不重复 toast。
frontend/src/features/config/components/__tests__/settings-initial-load.test.tsx	d06846f1d25696d3cc6adfc90309cecb3cfff7ece96375962fda9be3dfb7dffb	reviewed	核对首次读取未就绪不能写占位配置，保存保留分组与探活模型。
frontend/src/features/config/components/__tests__/settings-loading.test.tsx	b411c8ad341d75f7130eeea588a53a8741e116c2c348e3a4be1988e0086484ee	reviewed	核对设置 loading 固定工作区尺寸、具名状态及滚动区外操作栏。
frontend/src/features/config/components/__tests__/settings-scroll.test.tsx	087288b580c0f792af666f0c3fc2313be63afaa6edd180677e40aac642c9dc92	reviewed	核对设置导航、分组页签、同步入口和保存区固定于字段滚动区外的行为契约。
frontend/src/features/config/components/account-creation-policy-form.tsx	8615651fcedd2b08dfdb9458667987ba537e5c451974fe6313a4179ccc728f85	fixed	修复保存等待输入锁定、原型键平台过滤或刷新草稿丢失；失败回归转通过
frontend/src/features/config/components/account-creation-settings-card.tsx	5b83ee9d303c08051d4ee5fd9702a9822315846d52242b44af444aadfff0ccfc	fixed	修复保存等待输入锁定、原型键平台过滤或刷新草稿丢失；失败回归转通过
frontend/src/features/config/components/account-creation-settings-skeleton.tsx	352c2cb5063f61387423da808c6c042555d142906c7749d3d78e5223321bab3d	reviewed	核对开户设置骨架采用共享字段布局与独立页脚，资源静态。
frontend/src/features/config/components/config-section-tabs.tsx	c449876475a12c9b5992b595234fb3e7f00bef877406a2833cfb1a116fd00b43	reviewed	核对设置五类页签本地封闭枚举、控制关系与移动换行。
frontend/src/features/config/components/dictionary-management.tsx	ba1bda63fd61ffe7cb7af34f0236516656b30260975176fb3269f7cc7cedccf3	reviewed	核对字典稳定 ID 排序、互斥、乐观更新、失败分类精确回滚及拖拽/按钮等价行为。
frontend/src/features/config/components/model-sync-settings-card.tsx	b1d5e0f5de0f2b87e231f9fef576367827cb4a85f0af1abd82768a1bcc9a1a3f	fixed	修复保存等待输入锁定、原型键平台过滤或刷新草稿丢失；失败回归转通过
frontend/src/features/config/components/navigation-settings-card.tsx	22aa740f1a07ee01756c396afac37af6f6e8eb7d3d6d160077b8b9fef7566ccc	reviewed	核对非敏感菜单显隐本地偏好与锁定系统设置入口，props 为上层裁剪后的 ID 集合。
frontend/src/features/config/components/platform-probe-models-form.tsx	f05857a8405e6c26d3801596961fabc14891ae30767fe6e13479851e18b1f57c	fixed	修复保存等待输入锁定、原型键平台过滤或刷新草稿丢失；失败回归转通过
frontend/src/features/config/components/settings-footer.tsx	4608c9021293315f789bb62ffeed614b9f7c739a262ccc6a55f5e3ca4a0eb164	reviewed	核对共享设置页脚固定不收缩、操作换行约束。
frontend/src/features/config/components/settings-layout.ts	393f1a35b3b6d83805bfd2b6dac441f2fb2150303e7a18875c1ac46e0a2e2ad0	reviewed	核对各设置模块稳定列宽和滚动边界集中定义。
frontend/src/features/config/components/settings-loading.tsx	52322338570cf9b15b9b7d999d712667d09ff5823d72e8da2044a293af533e26	reviewed	核对设置加载骨架复用真实字段分栏、具名状态和固定操作区。
frontend/src/features/config/constants.ts	51dd82d24bef34b04c2d7fe78646e03ee7fc99bdb14f425c84aea4390377b181	reviewed	全文检查参数校验、查询隔离与测试契约，未发现需修复问题
frontend/src/features/config/lib/__tests__/account-creation-settings-schema.test.ts	b20f67bf9d0531be0c604e7c1039ed2478ab721007ce4b9daa2702107de41c0e	reviewed	全文检查参数校验、查询隔离与测试契约，未发现需修复问题
frontend/src/features/config/lib/__tests__/config-tabs.test.ts	45ea63185de26eb2ccb7d4ed6cd6b9b612caba09d7a757c54d1c422adc5fbab6	reviewed	全文检查参数校验、查询隔离与测试契约，未发现需修复问题
frontend/src/features/config/lib/__tests__/save-boundaries.test.ts	3881a0a72af054bb6d99096c7e1f59aa9da8b86c8f6a32a7ba6d27d274de1346	reviewed	全文检查参数校验、查询隔离与测试契约，未发现需修复问题
frontend/src/features/config/lib/account-creation-settings-schema.ts	260d27f6007e7be3ecdef823ac43442fbf483803e31cf7d34d96d9b242940b19	reviewed	全文检查参数校验、查询隔离与测试契约，未发现需修复问题
frontend/src/features/config/lib/model-sync-settings-schema.ts	af17ae3a9fa2f2e69ee6eda4c58cd1e6a9472da85df329d239f694b7735682c2	reviewed	全文检查参数校验、查询隔离与测试契约，未发现需修复问题
frontend/src/features/config/lib/platform-probe-models-schema.ts	880b0a517cb02b75a0c16a9d16847df8ab59012ed714163f75d30b924e11d775	reviewed	全文检查参数校验、查询隔离与测试契约，未发现需修复问题
frontend/src/features/groups/__tests__/batch-actions.test.tsx	50fcce566a6e6ee278baaf259a3cbd7811cd82ad11e681318905436c6102e224	reviewed	全文检查参数校验、查询隔离与测试契约，未发现需修复问题
frontend/src/features/groups/__tests__/groups-page.test.tsx	0a7023d466dda7946c3dd0462caa00f290cf25ffd5f74179e8d03597eec5ecca	reviewed	全文检查参数校验、查询隔离与测试契约，未发现需修复问题
frontend/src/features/groups/__tests__/policy-loading.test.tsx	2b990db6363703699ff85e2180d557861b0d407502eb2f2b1a256984a9b07d15	reviewed	全文检查参数校验、查询隔离与测试契约，未发现需修复问题
frontend/src/features/groups/components/__tests__/dictionary-render.tsx	02b9f209fd4120b9d95c5dd13dce82f78fb3fc93389df00f1d6f562dca310f03	reviewed	全文检查参数校验、查询隔离与测试契约，未发现需修复问题
frontend/src/features/groups/components/__tests__/group-allocation-dialog.test.tsx	3813a9b127f9963461095cfa86adc35fdc9bb5551d9c0425a56b67f49008790c	reviewed	全文检查分组调度展示、表单选择与加载回归契约
frontend/src/features/groups/components/__tests__/group-policy-editor-layout.test.tsx	0924fdc74f927754fa0cc6638eae6d34a5983dee9151cf1c6236175e652ad2a6	reviewed	全文检查分组调度展示、表单选择与加载回归契约
frontend/src/features/groups/components/__tests__/group-probe-model-input.test.tsx	129934553f6c5c3cf79894858374d7b921510f346fba3f3467fa53149fc73a8b	reviewed	全文检查分组调度展示、表单选择与加载回归契约
frontend/src/features/groups/components/__tests__/page-actions.test.tsx	6ce88b72d9f73513bf32de6f0a4f0374117fde1a14131cd7f21ec8f01549b6cc	reviewed	全文检查分组调度展示、表单选择与加载回归契约
frontend/src/features/groups/components/__tests__/strategy-selection.test.tsx	c1d260c07e9dfb778e9453242fea9829eb4324fb9adbe778a736ed6f1086e028	reviewed	全文检查分组调度展示、表单选择与加载回归契约
frontend/src/features/groups/components/group-allocation-dialog.tsx	46fa5dcdb6dd15828efe9c14d3491c17052d1996b7f73b7d0915b9c22f1ffad9	reviewed	全文检查调度指标、稳定ID范围确认与失败重试展示
frontend/src/features/groups/components/group-batch-dialog.tsx	a7698ab0a0f76d23b67d23fb8bffa28e4a70755d92043d5cc54b83eae0be3feb	reviewed	全文检查调度指标、稳定ID范围确认与失败重试展示
frontend/src/features/groups/components/group-policy-editor-fields.tsx	28d454562b4d2c8a47d4b36bcf326671edb8cbe7389c96f76ea32760847d9c7a	fixed	修复保存等待、日志读取重试及格式化边界，74项相关回归通过
frontend/src/features/groups/components/group-selection-toolbar.tsx	af716a0c27fe762ec5edc31eeae3a523d31550325df6e94efaee5523ca35f3ea	reviewed	全文检查策略输入、稳定ID批量选择、串行配置写入与失败项重试
frontend/src/features/groups/components/groups-page-actions.tsx	67a7ef70986671842987b0938980f72213cba3b84b77517994f55abd36b9b721	reviewed	全文检查策略输入、稳定ID批量选择、串行配置写入与失败项重试
frontend/src/features/groups/constants.ts	d69c7e759f2e7afff7969fe39cbd254b62e45471558445d930ca49725d886495	reviewed	全文检查策略输入、稳定ID批量选择、串行配置写入与失败项重试
frontend/src/features/groups/hooks/use-group-batch-actions.ts	365f6a9345373e981dc45a34a3d093cb944e458d516dbec3761e5e59d6cdc19a	reviewed	全文检查策略输入、稳定ID批量选择、串行配置写入与失败项重试
frontend/src/features/logs/__tests__/inspection-details.test.tsx	784dacccf854358c87b471e49c1f33b8ff34638c2befa7512ee9a238b7a22da3	reviewed	全文检查日志结构化明细、枚举翻译、关联读写及分页回归
frontend/src/features/logs/__tests__/log-pages.test.ts	0e72aeb2063433b2d4396bd2058a0544e4758ba9817bd0f165136a1959bf7df2	reviewed	全文检查日志结构化明细、枚举翻译、关联读写及分页回归
frontend/src/features/config/components/__tests__/draft-refresh.test.tsx	84bd49587525c3e84598d4ead7e4e7f4450dc46c20bf22eab0b700ca7c0487fe	fixed	新增保存等待、后台刷新保留草稿及写入失败恢复回归，已通过
frontend/src/features/config/components/__tests__/write-pending.test.tsx	92be51bb296345a15b1fc5e5de72e7d4918cf550b215553094f915a14d61d517	fixed	新增保存等待、后台刷新保留草稿及写入失败恢复回归，已通过
frontend/src/features/logs/__tests__/logs-center-layout.test.tsx	be2eccfe175955ea59657f422dafd18bb9e86674690619182283190d6c7e2ca0	reviewed	全文检查日志加载、任务最新状态、倍率对比与失败提示契约
frontend/src/features/logs/components/__tests__/query-errors.test.tsx	561e94eacfe275d5416282d7e93c07d07d9e2f98d022019e1a3e32e9956bdeaf	fixed	修复保存等待、日志读取重试及格式化边界，74项相关回归通过
frontend/src/features/logs/components/__tests__/task-state.test.tsx	f8f180513d49e6da61480a7a2a62fb81536eebf9e7abaa60ba6847dd0fc9d947	reviewed	全文检查日志加载、任务最新状态、倍率对比与失败提示契约
frontend/src/features/logs/components/account-rate-sync-result-table.tsx	7ff6d77ee59488f8447d9a8ab8e7bb9f50fe11937f999946976980d28945fa61	reviewed	全文检查日志加载、任务最新状态、倍率对比与失败提示契约
frontend/src/features/logs/components/log-details-dialog.tsx	37e98639afb6452342e6db61d537486c98b113a926b77df68b1e8f87253e4df1	fixed	修复保存等待、日志读取重试及格式化边界，74项相关回归通过
frontend/src/features/groups/__tests__/editor-write-pending.test.tsx	5477454deb13bd43ef48fd4c47728ebf54d42e6f4f45cc8e2ae1ffe3ad0affad	fixed	修复保存等待、日志读取重试及格式化边界，74项相关回归通过
frontend/src/features/logs/lib/log-display.ts	ae16aacae5ba6b8e401c5cddd091b6f89e87f8e544bd127d2e26e66866794e65	fixed	修复保存等待、日志读取重试及格式化边界，74项相关回归通过
frontend/src/features/logs/lib/__tests__/display-values.test.ts	3c6f54766c14e5374c212e99f7264d68edd6c57810bfbc07419fca48d63fe933	fixed	修复保存等待、日志读取重试及格式化边界，74项相关回归通过
frontend/src/features/logs/components/logs-center-page.tsx	90dec1cd0ca7730bf0485ef43234c4cd2aeb76efcc1db2d054db159daa802244	reviewed	全文检查筛选查询键、后台刷新、错误恢复与分页
frontend/src/features/model-check/components/__tests__/account-search.test.tsx	5e99f2009b350eea3f04c73f3a4fa7efdb27f9b8c0a1fb2fef5fb4bed5dc3321	reviewed	全文检查模型检测搜索、并发任务独立状态、分页及隔离动画预览回归
frontend/src/features/model-check/components/__tests__/animation-card-results.test.tsx	a7bbccbc86feb69c9e931cee773b8f6529378a62b28c0b6e6c0226438ed5478f	reviewed	全文检查模型检测搜索、并发任务独立状态、分页及隔离动画预览回归
frontend/src/features/model-check/components/__tests__/animation-concurrency.test.tsx	ce5c41c2f76f9d8ac36a4ad412846d17f1071e8fad83c6fc628a2ce325396c45	reviewed	全文检查模型检测搜索、并发任务独立状态、分页及隔离动画预览回归
frontend/src/features/model-check/components/__tests__/animation-loading-layout.test.tsx	c76cff035a28fc1ddfc76d83d77089888ba8c1d0ac64670966c684c215bf2616	reviewed	全文检查模型检测搜索、并发任务独立状态、分页及隔离动画预览回归
frontend/src/features/model-check/components/__tests__/animation-pagination.test.tsx	4a93b5fdc25ad342734f5ca5eecc2b88c58a68ed668de55d1fd3ced2a5eee0f6	reviewed	全文检查模型检测搜索、并发任务独立状态、分页及隔离动画预览回归
frontend/src/features/model-check/components/__tests__/animation-preview.test.tsx	8d147977a77822811ce2dbb286063b0d9a22dd5266b7c7ceda134d0679d37b76	reviewed	全文检查模型检测搜索、并发任务独立状态、分页及隔离动画预览回归
frontend/src/features/model-check/components/__tests__/animation-results.test.tsx	7d4fa32e482bdec15f114b9d6ce937310d722df38191c89955653955dc7f3b32	reviewed	全文检查动画费用确认、稳定ID范围、定时配置版本及自定义凭据清理回归
frontend/src/features/model-check/components/__tests__/animation-schedule.test.tsx	ea13ddc67dd39240f9d55ccaaf103b6df65cd0c2bd161c780533aabb0b7c7d54	reviewed	全文检查动画费用确认、稳定ID范围、定时配置版本及自定义凭据清理回归
frontend/src/features/model-check/components/__tests__/animation-selection.test.tsx	c50f379c8f37410d772bd7b036cfb91a45aec6618b678adf3286a374274aa8a1	fixed	覆盖动画模型读取失败单次提示及批量确认
frontend/src/features/model-check/components/__tests__/custom-animation.test.tsx	247c3c92ff496b0ea3039393bae85df3adb9337ef943981b1942d4578a64bf7e	reviewed	全文检查动画费用确认、稳定ID范围、定时配置版本及自定义凭据清理回归
frontend/src/features/model-check/components/__tests__/layout.test.tsx	1724df0700a2815edbef8387cf929cf762feccb85193dbd99d0824188b7904f0	reviewed	全文检查行为检测结果、规则版本、模型读取失败与响应式交互回归
frontend/src/features/model-check/components/__tests__/loading.test.tsx	bcc99b73dfca671285de60c5a46cfc8d84a802b1abe0b1c89914743921693427	reviewed	全文检查行为检测结果、规则版本、模型读取失败与响应式交互回归
frontend/src/features/model-check/components/__tests__/model-check-configuration-dialog.test.tsx	45a5380e3c67cd8871276e71c13dcd7a9afcafc9df91067390ae5cddbcc2f6f3	fixed	8例覆盖规则读取编辑失败及刷新期间草稿和确认版本
frontend/src/features/model-check/components/__tests__/model-check-page.test.tsx	2627ea83d81b8784854916e8faa2b264db1dd634a696c9fbf76e0ca46cfe6ac9	reviewed	全文检查行为检测结果、规则版本、模型读取失败与响应式交互回归
frontend/src/features/model-check/components/__tests__/model-check-result.test.tsx	776c76db0b2308f287a27261e0e55338e59bfa2753e036fa329e8223c8ad7e09	reviewed	全文检查行为检测结果、规则版本、模型读取失败与响应式交互回归
frontend/src/features/model-check/components/__tests__/model-list-scrolling.test.tsx	80f565a5a2fe361af21c2d001df73bbc83f910e7f73d65dbc173808f3fa0014e	reviewed	全文检查行为检测结果、规则版本、模型读取失败与响应式交互回归
frontend/src/features/model-check/components/__tests__/model-refresh.test.tsx	de84e12035f78d4ca3e20a35f5537796355dc52c6543b8bc5ff9f161187e189a	reviewed	全文检查行为检测结果、规则版本、模型读取失败与响应式交互回归
frontend/src/features/model-check/components/__tests__/model-selection.test.tsx	c1f33d4c1837e3154a2fcf7ee29e6ca55bbf4a8084f15061b25ba353ac429c9d	reviewed	全文检查选择保留、任务状态、动画隔离结果与首次读取占位；结果输入待结合解析器核对
frontend/src/features/model-check/components/__tests__/query-errors.test.tsx	3d7c947311584dc2fcf86ce107fa5549c069f4975bfe15fbaba6802584f09481	reviewed	全文检查选择保留、任务状态、动画隔离结果与首次读取占位；结果输入待结合解析器核对
frontend/src/features/model-check/components/__tests__/tabs.test.tsx	df972917cbe359eba5c2ed426f968f7092483e38916abc045847b841231afbb7	reviewed	全文检查选择保留、任务状态、动画隔离结果与首次读取占位；结果输入待结合解析器核对
frontend/src/features/model-check/components/animation-account-card.tsx	70045224f6c3d10bb073de36db58c24cd688aab3f27cd03bd39a8d7dd34db5bf	reviewed	全文检查选择保留、任务状态、动画隔离结果与首次读取占位；结果输入待结合解析器核对
frontend/src/features/model-check/components/animation-account-filters.tsx	9eb7f20ce573a7c95856c450fb31efc0a75b8839d8c9ec47870a4481c858dc4b	fixed	平台筛选遵循后台字典顺序，未知平台保留追加
frontend/src/features/model-check/components/animation-account-result.tsx	53f7b6ddf32176aa0e7d53f10ddc0f9e43f36692ad1e6a49986e969680b091b2	reviewed	全文检查选择保留、任务状态、动画隔离结果与首次读取占位；结果输入待结合解析器核对
frontend/src/features/model-check/components/animation-accounts-skeleton.tsx	5121850ff03a01fb63f399458a95f38b711e0f786bed1c2fa408789839c21cfd	reviewed	全文检查选择保留、任务状态、动画隔离结果与首次读取占位；结果输入待结合解析器核对
frontend/src/features/model-check/components/animation-check-panel.tsx	7ba355f4a5dfabf70848a3af3e3a1ea6892ff14f4c1d81a29c15c293d6ce8dfe	fixed	已完整审查；调度弹窗按账号保持实例，后台版本刷新保留草稿
frontend/src/features/model-check/components/animation-model-settings.tsx	392e38d6f204639a900dbff4dc5d90ee532dfff14c1d861d3084d486c26cc819	fixed	已完整审查；移除重复查询错误提示
frontend/src/features/model-check/components/animation-panel-skeleton.tsx	58b6679b1f6effd98abc49eebe281938099690c5869e7b13a6360d7717209453	reviewed	全文检查动画批量确认、模型查询、隔离预览与调度编辑；调度草稿保护已在对应编辑组件修复
frontend/src/features/model-check/components/animation-preview.tsx	ccec6abc9d05a2e466ca588def7508e1b050c6560f7d151687b3e3ae5208b6f0	reviewed	全文检查动画批量确认、模型查询、隔离预览与调度编辑；调度草稿保护已在对应编辑组件修复
frontend/src/features/model-check/components/animation-schedule-dialog.tsx	113b6a171cd3210dc1f76b79bf40abea8277812cab78b2ff40f36f743f1aea7d	fixed	已完整审查；保存期间锁定关闭，失败恢复编辑
frontend/src/features/model-check/components/animation-selection.tsx	28822da598b21d9207edcfdadd927adc48fdee120aae97abde540c354b79ba97	reviewed	全文检查动画批量确认、模型查询、隔离预览与调度编辑；调度草稿保护已在对应编辑组件修复
frontend/src/features/model-check/components/custom-animation-fields.tsx	e8b620ae7db4811c686f712b9c09c62dba6a19e02a21cd238557a72a0af6e0af	reviewed	全文检查自定义接口凭据内存、查询取消、确认与规则编辑；规则编辑版本与草稿保护已在对应组件修复
frontend/src/features/model-check/components/custom-animation-model-field.tsx	fa96e240a5db21f4096a0ac6ff1389b677f5d80761cec22c8e339c58947d5ebf	reviewed	全文检查自定义接口凭据内存、查询取消、确认与规则编辑；规则编辑版本与草稿保护已在对应组件修复
frontend/src/features/model-check/components/custom-animation-panel.tsx	1d6ddff96109710bc3185da1ac74b1281407691a38ccc83a442855bd432c2e0d	reviewed	全文检查自定义接口凭据内存、查询取消、确认与规则编辑；规则编辑版本与草稿保护已在对应组件修复
frontend/src/features/model-check/components/model-check-configuration-dialog.tsx	4a1ef2f16e4e890e30d610a3cdbedfe4bf6b80878b64dfda1ad07b84cabd5db9	fixed	编辑保留草稿与初始指纹；发布删除恢复确认绑定原版本
frontend/src/features/model-check/components/model-check-configuration-editor.tsx	e0bc5344ce485d59e580cb560de5816309ab4287cc556c15e20451e382bf936e	reviewed	全文检查规则编辑输入、延迟加载和模型检测结果分页及状态映射
frontend/src/features/model-check/components/model-check-page.tsx	24b61906e6e435f2675cf9260e85cb98dd3ce6b24ff98af4e8a6d78bcf749cfc	reviewed	全文检查规则编辑输入、延迟加载和模型检测结果分页及状态映射
frontend/src/features/model-check/components/model-check-result.tsx	daad81ec33a56991429dc1ec75febd49bc19d6073503e460b3975fbbb1381f3e	reviewed	全文检查规则编辑输入、延迟加载和模型检测结果分页及状态映射
frontend/src/features/model-check/components/model-check-rule-browser.tsx	8822fcf66d768e31d24368bdca7a69258f8fd80a97b54899f3824c323c2d3be0	reviewed	已完整核对规则浏览与明细展示、选择及空状态逻辑
frontend/src/features/model-check/components/model-check-rule-detail.tsx	6d817abca7294f16141d83591c044b57e8ea1df70c55c07a43f3a7fce065b322	reviewed	已完整核对规则浏览与明细展示、选择及空状态逻辑
frontend/src/features/model-check/components/__tests__/animation-schedule-draft.test.tsx	73cc19cddb94904d9b564d15617046ea6962a30e61a0ebe98d08f44d8581a8cc	fixed	回归覆盖后台刷新保留草稿及保存关闭锁定
frontend/src/features/model-check/lib/animation-task-results.ts	3b561311b63ae64378ab8ec7a76c66953b0e3c2f796b5a9739468a94cdd2865a	fixed	Zod校验结果展示字段并保留最新有效记录；每个任务仅解析一次
frontend/src/features/model-check/lib/__tests__/animation-task-results.test.ts	ad7666ead195c1eb75f6bb48e145d0a320121422847e2c72f57d33060771e238	fixed	9例覆盖无效结果字段、最新结果、批量锁定与等待状态
frontend/src/features/account-workbench/components/workbench-local-export.tsx	c83ed483caface0188233c6970ffe0f3dd36ab67c6741a20b463f7da693570f3	reviewed	增量全文复核：账号安全状态、授权预览与本地导出边界；取消确认已固定原批次ID并通过回归
frontend/src/features/account-workbench/components/workbench-sms-receipts.tsx	21437e8ba27eab59f5cc2509700df5a6946554ccab4e30c8645c84d7362fdd6e	reviewed	完整复核并行修改；本地导出短信读取与检查使用独立scope
frontend/src/features/account-workbench/components/workbench-sms-inspect.tsx	81c54507568395a4d3c89a3e95a0ff7bf51217f511242540981cee59a191640d	reviewed	完整复核并行修改；本地导出短信读取与检查使用独立scope
frontend/src/features/account-workbench/__tests__/local-export-sms.test.tsx	27114e53ed93fa9b7f49b21ccba1163023d6c084d49543635309dfb61181b84a	fixed	真实本地导出入口覆盖短信列表与检查scope，防复用managed缓存
frontend/src/features/model-check/components/model-check-version-history-dialog.tsx	5c4e1f5ed2beab5aad17bc20e22a6b1b5ac544f4888496e84c7f80310926c0ae	reviewed	已完整审查历史版本展示、稳定版本ID恢复及禁用状态
frontend/src/features/model-check/hooks/use-animation-tasks.ts	7190973bbabc5ae0c3dd5533d5e66d67b0ce7054353d15a8b752f55ce4cb3963	reviewed	全文核对任务并发、历史结果、筛选、检测参数和规则阈值及回归
frontend/src/features/model-check/lib/__tests__/animation-filters.test.ts	7c0e390198c83ad1579b7d544c8b6300f770c830bd9b9d2f66d2c3c0526853a9	reviewed	全文核对任务并发、历史结果、筛选、检测参数和规则阈值及回归
frontend/src/features/model-check/lib/__tests__/animation-validation.test.ts	9ee51f99c451e1de3ae854c9dfb9c9609299282fdb61eb0c591621eff883c201	reviewed	全文核对任务并发、历史结果、筛选、检测参数和规则阈值及回归
frontend/src/features/model-check/lib/__tests__/custom-animation-validation.test.ts	8deb24741cd24ed9b0332e91e8d329daef8b9906f657bd85787141488ab280dc	reviewed	全文核对任务并发、历史结果、筛选、检测参数和规则阈值及回归
frontend/src/features/model-check/lib/__tests__/model-check-configuration-schema.test.ts	4f35a2370b907da4388c015c6a16f8c8904c64a772d17accfed58c32f7e2df88	reviewed	全文核对任务并发、历史结果、筛选、检测参数和规则阈值及回归
frontend/src/features/model-check/lib/__tests__/model-check-rules.test.ts	0d8d4e582419aa1f506f92d00fc6fbb5f937a4472f95e1cb3ca3d036cc1dcbfa	reviewed	全文核对任务并发、历史结果、筛选、检测参数和规则阈值及回归
frontend/src/features/model-check/lib/__tests__/model-check-schema.test.ts	e1594f718e4364a7f9acb0fe239a208c4cac8805e2157a744152695a24a49331	reviewed	全文核对任务并发、历史结果、筛选、检测参数和规则阈值及回归
frontend/src/features/model-check/lib/animation-filters.ts	d0117f83855c77d4458033b882cd46da4c71e40acc40fb665ae714fe02a33bf5	reviewed	全文核对任务并发、历史结果、筛选、检测参数和规则阈值及回归
frontend/src/features/model-check/lib/animation-schema.ts	ca730062901a1c7cb82efc4e2019d8cbca63a2488eda8d437f5fde2c79182cfd	reviewed	全文核对任务并发、历史结果、筛选、检测参数和规则阈值及回归
frontend/src/features/model-check/lib/model-check-configuration-schema.ts	07f68332960265289ef7c2e34668658b2c1ef609403a811c1f849f8cd36b556e	reviewed	全文核对任务并发、历史结果、筛选、检测参数和规则阈值及回归
frontend/src/features/model-check/lib/model-check-rules.ts	6c0c505f1fca48c692e8681352fb2f0207a299dcba1773887e1a968d519f92e7	reviewed	全文核对任务并发、历史结果、筛选、检测参数和规则阈值及回归
frontend/src/features/model-check/lib/model-check-schema.ts	ae14b85221331fe0d15f186980f137ba548b2fb6c4c7893dd6d36af65472ed2c	reviewed	全文核对任务并发、历史结果、筛选、检测参数和规则阈值及回归
frontend/src/features/newapi-management/components/__tests__/batch-model-prices.test.tsx	009ed727ba7daa5635fb8b67166c22a3a6fd9c4909c633039788341ddb6ee688	reviewed	已完整审查批量价格确认、失败重试、缓存时间、渠道表单及模型刷新回归
frontend/src/features/newapi-management/components/__tests__/batch-price-feedback.test.tsx	4bd823b8ef5bdedc3f82b7956348f012415a3610dd0b2995a77de4dbc49e6417	reviewed	已完整审查批量价格确认、失败重试、缓存时间、渠道表单及模型刷新回归
frontend/src/features/newapi-management/components/__tests__/cache-timestamp-layout.test.tsx	845eea3698b2dfcd9cab7ab263829626fd0ab7fe0fc39008e070f2d250ca90ac	reviewed	已完整审查批量价格确认、失败重试、缓存时间、渠道表单及模型刷新回归
frontend/src/features/newapi-management/components/__tests__/channel-form.test.tsx	1be6cc4c0bb35c7d9f5806971ba9825bac4b157c7bacc809747b9bcab0450813	reviewed	已完整审查批量价格确认、失败重试、缓存时间、渠道表单及模型刷新回归
frontend/src/features/newapi-management/components/__tests__/channel-model-refresh.test.tsx	31c271634e22f0fa2c132ab4e0e3ee35fd9809648a2ed02d135b5af2f531bf31	reviewed	已完整审查批量价格确认、失败重试、缓存时间、渠道表单及模型刷新回归
frontend/src/features/newapi-management/components/__tests__/default-zero-comparison.test.ts	a6c136519eb4a3c2f3c8e3363852d1a89015f8c5f538f35ede587c298b609199	reviewed	已完整审查批量价格确认、失败重试、缓存时间、渠道表单及模型刷新回归
frontend/src/features/model-check/components/model-check-selection.tsx	96d04300143b8be1bd336727bd595437799992630b3cf8e2c91ea9cd69b6199b	fixed	账号刷新失败保留缓存选择，首次失败提供重新读取
frontend/src/features/model-check/components/regular-check-panel.tsx	77bf6e833afe4844419cb2f94ef77b510ba71bd64a62a528c73860c8ca286a89	fixed	刷新模型可恢复首次失败的能力查询，账号读取失败提供重试
frontend/src/features/model-check/components/__tests__/regular-query-state.test.tsx	a28a93f294dd5206d085f11f259d49c24fed9e58a223bd4d8662755147d9ea80	fixed	3例覆盖缓存账号选择保留、首次失败重试和能力恢复
frontend/src/features/model-check/components/__tests__/animation-filter-order.test.tsx	6e1c754a1f404bd30d024326714542480b091901b70ea8275a4e91cec8b3cb52	fixed	覆盖后台平台顺序与未知平台保留
frontend/src/features/newapi-management/components/__tests__/group-bindings.test.tsx	05b7561e3c7005b6e6bd281cbfacee72bdc8773e3b3fc3ade2167be4c0e995d2	reviewed	全文核对管理页加载失败、绑定倍率、价格比较和行操作回归
frontend/src/features/newapi-management/components/__tests__/initial-read-failure.test.tsx	7d6b3a0163e1fb793efcb75a0fc3812035b888181dc06dde73f165945d9f6e5b	reviewed	全文核对管理页加载失败、绑定倍率、价格比较和行操作回归
frontend/src/features/newapi-management/components/__tests__/loading.test.tsx	e1d4c4fbe15b9ed822ca1617773cae679530484ce79bd0c874b300532cc8b098	reviewed	全文核对管理页加载失败、绑定倍率、价格比较和行操作回归
frontend/src/features/newapi-management/components/__tests__/management-workflows.test.tsx	510277006107e3766633f14ad22253d4c45d6476e5bc73ab80946c621588d5ff	reviewed	全文核对管理页加载失败、绑定倍率、价格比较和行操作回归
frontend/src/features/newapi-management/components/__tests__/model-price-actions.test.tsx	5c0090c5ddb4f729b7c86ccac40cca1398ee06717a581ac0340709b620b53bd3	reviewed	全文核对管理页加载失败、绑定倍率、价格比较和行操作回归
frontend/src/features/newapi-management/components/__tests__/model-price-cache.test.tsx	30f9b763adf88ed813be767425aa8da7077fbd116256c0d13d236ebc5c729624	reviewed	全文核对价格缓存复用过期、精度、阶梯表达式、比较与批量选择回归
frontend/src/features/newapi-management/components/__tests__/model-price-selection-toolbar.test.tsx	5eb7acd70f77d333c88a357e717ede499918224938159384035439b5a341e778	reviewed	全文核对价格缓存复用过期、精度、阶梯表达式、比较与批量选择回归
frontend/src/features/newapi-management/components/__tests__/model-price-sync.test.tsx	a249ad31e2f38cb26172fc13a0c9fc868ab197acfe8a3f62e92d128b760f2dab	reviewed	全文核对价格缓存复用过期、精度、阶梯表达式、比较与批量选择回归
frontend/src/features/newapi-management/components/__tests__/official-tiers.test.tsx	61ab7b637ba2af3ac95cba64dbba7d134b2d3e353b2a1468361feeefe303df84	reviewed	全文核对价格缓存复用过期、精度、阶梯表达式、比较与批量选择回归
frontend/src/features/newapi-management/components/__tests__/price-comparison.test.tsx	c2d2d7f672c47128d1e42c1934a4603c553fba232a9361eced896d928766bab6	reviewed	全文核对价格缓存复用过期、精度、阶梯表达式、比较与批量选择回归
frontend/src/features/newapi-management/components/__tests__/price-differences.test.tsx	074aef3b434f9129bf6140aa3b3f7b319b07aaf7687af1a0a30dce528e58212c	reviewed	全文核对价格缓存复用过期、精度、阶梯表达式、比较与批量选择回归
frontend/src/features/newapi-management/components/__tests__/pricing-cache.test.tsx	6544f1ebf2d2612b90fee25eec11e4b2f06e363700b59339b75886a4d3fb455d	reviewed	全文核对价格缓存复用过期、精度、阶梯表达式、比较与批量选择回归
frontend/src/features/newapi-management/components/__tests__/raw-pricing-source-dialog.test.tsx	a4e235eea8e2f2416e51ff8312ab2729e808251df9afdf04319e7a4b38454ff2	reviewed	全文审查价卡原文精度、远程阶梯与分时同步、上游选择及批量结果展示
frontend/src/features/newapi-management/components/__tests__/remote-model-prices-dialog.test.tsx	d70acb73027b660729ade6e7724aa01091297175a8189f4e700410031c0ca36b	reviewed	全文审查价卡原文精度、远程阶梯与分时同步、上游选择及批量结果展示
frontend/src/features/newapi-management/components/__tests__/time-pricing.test.tsx	2d55bb6230086b84c79bccfdc567b644af9d43920cd9fc3c02fcd962a8a7f73f	reviewed	全文审查价卡原文精度、远程阶梯与分时同步、上游选择及批量结果展示
frontend/src/features/newapi-management/components/__tests__/upstream-selection.test.tsx	6a76e34e279175f129c4ad3722ec8efbac56bcf32599278dffceccf78c47b0a2	reviewed	全文审查价卡原文精度、远程阶梯与分时同步、上游选择及批量结果展示
frontend/src/features/newapi-management/components/batch-model-price-dialog.tsx	6cb6b14eca05c2d3ed1a270075cb448ffb80491cc5a198928f5d910db18905dc	reviewed	全文审查价卡原文精度、远程阶梯与分时同步、上游选择及批量结果展示
frontend/src/features/newapi-management/components/channel-configuration-step.tsx	b19844b651286dcdf90562e2117abbb628f20761d9dfccd0a6581b46ef2753d4	fixed	已修复并补充回归：写入状态锁定、草稿保护或价格比较与特殊模型名边界
frontend/src/features/newapi-management/components/channel-form.tsx	ca720f5564a4a8fc65280c3554bc6f3a8c9686652efd2e12d540731df0f1c05f	fixed	已修复并补充回归：写入状态锁定、草稿保护或价格比较与特殊模型名边界
frontend/src/features/newapi-management/components/channel-model-dialog.tsx	06490b5321a0607c3f28d42c83215eb543e927586cd535fe53603bc88f45cb33	reviewed	逐文件阅读：New API模型价格、渠道、平台、原始价卡或相关测试；关联写入读回回归已通过
frontend/src/features/newapi-management/components/group-bindings.tsx	0601350c19888cc24f0337c2356468d5a8ce07f23b1b21041df067ee728f3a38	fixed	已修复并补充回归：写入状态锁定、草稿保护或价格比较与特殊模型名边界
frontend/src/features/newapi-management/components/newapi-management-page.tsx	dee27079efb19c35ab1b66c21391bc140428bebf29ec77e9d22f640a807bceff	fixed	已修复并回归：价格写入读回校验、特殊协议名、Token整数精度或鉴权失败重试
frontend/src/features/newapi-management/components/model-prices.tsx	b05f19af5e4c7483aeefd9e24fa3ad26d04eb2b5291f939a59152f1aab9594eb	fixed	已修复并补充回归：写入状态锁定、草稿保护或价格比较与特殊模型名边界
frontend/src/features/newapi-management/components/model-price-selection-toolbar.tsx	9e1184aee8b80b47c9684e12ccf22f109a2e28e0d1470dc863d5afd510d5d6f5	reviewed	逐文件阅读：New API模型价格、渠道、平台、原始价卡或相关测试；关联写入读回回归已通过
frontend/src/features/newapi-management/components/newapi-form-skeleton.tsx	71177c0c53116b4d598ca6b7155c03f3ee7807d073cddc165b265fe7edfb0d7f	reviewed	逐文件阅读：New API模型价格、渠道、平台、原始价卡或相关测试；关联写入读回回归已通过
frontend/src/features/newapi-management/components/official-tier-values.tsx	a10ff49fa2d66ca7aaa410a1f890960e949b8c7432bb24104751246ef5c164c1	reviewed	逐文件阅读：New API模型价格、渠道、平台、原始价卡或相关测试；关联写入读回回归已通过
frontend/src/features/newapi-management/components/platform-dialog.tsx	ce6bb2641c48fc2f99d1098414825741cae1e7fd439f595e5891e4db20bdb6f7	fixed	已修复并补充回归：写入状态锁定、草稿保护或价格比较与特殊模型名边界
frontend/src/features/newapi-management/components/price-comparison.tsx	41db6b18d935e5948f2b4352fab90f24ddcffdcb1c1936dced852a938f8aeca1	fixed	已修复并回归：价格写入读回校验、特殊协议名、Token整数精度或鉴权失败重试
frontend/src/features/newapi-management/lib/pricing-number.ts	0d5ef1737791215237871229ac02db2d36fba02fd822d3fe0724e98bb12987a2	reviewed	逐文件阅读：New API模型价格、渠道、平台、原始价卡或相关测试；关联写入读回回归已通过
frontend/src/features/newapi-management/lib/schemas.ts	ee617df0de0a671075d96a0c9cbc0707e177b1b3e620500baa8140ceab4a43af	reviewed	逐文件阅读：New API模型价格、渠道、平台、原始价卡或相关测试；关联写入读回回归已通过
frontend/src/features/newapi-management/components/raw-pricing-model-browser.tsx	6d7dcef4f508c3780f2da0d240be5fc3a9ac235a6e5442868abb8a6500d60b5b	reviewed	逐文件阅读：New API模型价格、渠道、平台、原始价卡或相关测试；关联写入读回回归已通过
frontend/src/features/newapi-management/components/raw-pricing-model-detail.tsx	d7844514b9abc58d68b0ae4c06e0f81a1b0cc104e3226db7ede9515b593a0e0d	reviewed	逐文件阅读：New API模型价格、渠道、平台、原始价卡或相关测试；关联写入读回回归已通过
frontend/src/features/newapi-management/components/raw-pricing-source-dialog.tsx	5f5884f8d3cd3f06e75661a4bf2bb2496687fbef68b39564980691aac8730ce4	reviewed	逐文件阅读：New API模型价格、渠道、平台、原始价卡或相关测试；关联写入读回回归已通过
frontend/src/features/newapi-management/components/raw-pricing-source-tools.tsx	68762ab2dc7bbd27263438ada8ae323dff94aa41f1d1de1d41854f3b14f15771	reviewed	逐文件阅读：New API模型价格、渠道、平台、原始价卡或相关测试；关联写入读回回归已通过
frontend/src/features/newapi-management/components/time-price-values.tsx	b2759278eee20888f7717a7970b7bc73c18f0a77de138e484a37efc56932ef7f	reviewed	逐文件阅读：New API模型价格、渠道、平台、原始价卡或相关测试；关联写入读回回归已通过
frontend/src/features/newapi-management/constants.ts	24ea584e77c32c185d14fa8a72479a12c0177a8df04db48f891b8e2ef1629958	reviewed	逐文件阅读：New API模型价格、渠道、平台、原始价卡或相关测试；关联写入读回回归已通过
frontend/src/features/newapi-management/lib/__tests__/expression-adjustment.test.ts	579f7549a52a7c2b145340edac0765de7dc400810a6ef0e30d70601df94e2ab5	reviewed	逐文件阅读：New API模型价格、渠道、平台、原始价卡或相关测试；关联写入读回回归已通过
frontend/src/features/newapi-management/lib/__tests__/model-price-adjustment-validation.test.ts	e32f0d7f33f0db7ef89e47a3d4eaf1dd0e659b3d73ac1d6ecd533c3fbf0921c9	reviewed	逐文件阅读：New API模型价格、渠道、平台、原始价卡或相关测试；关联写入读回回归已通过
frontend/src/features/newapi-management/lib/__tests__/model-price-adjustment.test.ts	6452c685cf6d976d228d6a45266450ce53c7a0158cf771982f55a6dcffedd292	reviewed	逐文件阅读：New API模型价格、渠道、平台、原始价卡或相关测试；关联写入读回回归已通过
frontend/src/features/newapi-management/lib/__tests__/model-price-catalog-query.test.ts	8a7dc7a5771b36491e120e3d4fcda278d9a1c91039a04fffa2430065b2471ece	reviewed	逐文件阅读：New API模型价格、渠道、平台、原始价卡或相关测试；关联写入读回回归已通过
frontend/src/features/newapi-management/lib/__tests__/pricing-number.test.ts	b14c830deafaf59d1bda8a04225b7c888a84ab72a493e36a55b55625f5867234	reviewed	逐文件阅读：New API模型价格、渠道、平台、原始价卡或相关测试；关联写入读回回归已通过
frontend/src/features/newapi-management/lib/__tests__/schemas.test.ts	7a58da9dd68722e8bfbd4db6cbf35f6ef1608c88c406767fc4a4e8a6b0de8b3d	reviewed	逐文件阅读：New API模型价格、渠道、平台、原始价卡或相关测试；关联写入读回回归已通过
frontend/src/features/newapi-management/lib/model-price-adjustment-schema.ts	2642a1678995904781e39df5da1f11afcc5927525c26e8337c754d0e16ad568c	reviewed	逐文件阅读：New API模型价格、渠道、平台、原始价卡或相关测试；关联写入读回回归已通过
frontend/src/features/newapi-management/components/__tests__/channel-write-pending.test.tsx	3b3742cbe49eb02c051f5e229da2fcebd4d6165aa632ab2238cc3c7a19ed79b5	fixed	已修复并补充回归：写入状态锁定、草稿保护或价格比较与特殊模型名边界
frontend/src/features/newapi-management/components/__tests__/price-write-guards.test.tsx	c11181dc306956077616f883e953d4802a77f421a50058581fa0c64d608ebdb0	fixed	已修复并补充回归：写入状态锁定、草稿保护或价格比较与特殊模型名边界
frontend/src/features/newapi-management/components/__tests__/tier-expression-comparison.test.ts	630b0de59dae10d2715ad3d5f6a8e2477220cac53b5f9ace19f6f47eca04e8f0	fixed	已修复并补充回归：写入状态锁定、草稿保护或价格比较与特殊模型名边界
frontend/src/features/newapi-management/components/__tests__/group-binding-drafts.test.tsx	f073ab97d96d5f8ef345ba6b2a56f2bcdad7cc7178f7de5113022782e1ef6a86	fixed	已修复并补充回归：写入状态锁定、草稿保护或价格比较与特殊模型名边界
frontend/src/features/newapi-management/components/__tests__/platform-write-pending.test.tsx	1124dc329c7f5ddf70c9bae4ad0267b14b524c7b614fe871d2ea66d5f421ada1	fixed	已修复并补充回归：写入状态锁定、草稿保护或价格比较与特殊模型名边界
frontend/src/features/newapi-management/lib/model-price-adjustment.ts	aa8b2b8f3db47b57c46424fdadf1385eaf831c5123672b8a196ebe018447c18b	reviewed	逐文件阅读：价格换算、调价表达式、缓存期限和原始价卡解析；对应现有回归已核对
frontend/src/features/newapi-management/lib/model-price-catalog-query.ts	8bc9f3c51e8cdd6ade02ad7395fbdc6f569a92f08b39806b7038dee4c8bb7991	reviewed	逐文件阅读：价格换算、调价表达式、缓存期限和原始价卡解析；对应现有回归已核对
frontend/src/features/newapi-management/lib/raw-pricing-source.ts	cbf4d27bc90f49d54d60d6b06d6b37286c84f28e6a13428519a1d82a0be9cd12	reviewed	逐文件阅读：价格换算、调价表达式、缓存期限和原始价卡解析；对应现有回归已核对
frontend/src/features/newapi-management/lib/time-pricing.ts	e696166f50f3c11661ef8396fa4b3a6dd98881e8db7b307452de75c4b009141e	reviewed	逐文件阅读：价格换算、调价表达式、缓存期限和原始价卡解析；对应现有回归已核对
frontend/src/features/request-trace/components/__tests__/loading.test.tsx	2c5e92e1045ecaa59977586275a95deb39a552db97853c0622b7faac6e0f377e	reviewed	逐文件阅读：请求追踪、稳定账号处置、任务与资源详情、相关测试
frontend/src/features/request-trace/components/__tests__/account-actions.test.tsx	c757e22e35cd31a178531be188647f9870a93ae3e5f7cc1cb25686c7b6941dfc	reviewed	逐文件阅读：请求追踪、稳定账号处置、任务与资源详情、相关测试
frontend/src/features/request-trace/components/__tests__/usage-precision.test.ts	39fb404a4097f070fa54d2d73698929377c4c44fd6283d998274e3bb8559bfe2	fixed	已修复并回归：价格写入读回校验、特殊协议名、Token整数精度或鉴权失败重试
frontend/src/features/request-trace/components/__tests__/system-log-search-panel.test.tsx	3dc9abee929593809c6d3451a15010c69941266b85c86c4641d68c32a6bf55d4	reviewed	逐文件阅读：请求追踪、稳定账号处置、任务与资源详情、相关测试
frontend/src/features/request-trace/components/system-log-search-panel.tsx	6116103684f1901d58a0d8c2a4b15fda49da7be42a5eca913a2a9be1eadac52b	fixed	已修复并回归：价格写入读回校验、特殊协议名、Token整数精度或鉴权失败重试
frontend/src/features/request-trace/components/trace-account-actions.tsx	53ff679568ffc7a168cb9a5ca49a756e915864a841085d82212def9d67fdb9d3	reviewed	逐文件阅读：请求追踪、稳定账号处置、任务与资源详情、相关测试
frontend/src/features/system-info/__tests__/operation-labels.test.ts	f4c44104affbba00a510511516a70b63b15a2f0c7bd94d24918309915cabe809	fixed	已修复并回归：价格写入读回校验、特殊协议名、Token整数精度或鉴权失败重试
frontend/src/features/system-info/constants.ts	1c69a647c3e7722d0ea278a458305d41785fff315c0917eec651f607aa3581e1	fixed	已修复并回归：价格写入读回校验、特殊协议名、Token整数精度或鉴权失败重试
frontend/src/features/system-info/components/__tests__/system-info-page.test.tsx	95f0ba26de272a5bb89a38b306bfc45c081f6af2a0ab4f14da94f541e1fb42f8	reviewed	逐文件阅读：请求追踪、稳定账号处置、任务与资源详情、相关测试
frontend/src/features/system-info/components/__tests__/loading.test.tsx	e938894be47b892f1684c395b1985be5ee1c9618ddbd9213677ca468ba7d920d	reviewed	逐文件阅读：请求追踪、稳定账号处置、任务与资源详情、相关测试
frontend/src/features/system-info/components/system-info-page.tsx	ccecfc0a5cd8fed2f459d2c844796e499cfa7c264b00f6d70820b458c75e8c2a	reviewed	逐文件阅读：请求追踪、稳定账号处置、任务与资源详情、相关测试
frontend/src/features/newapi-management/components/__tests__/single-price-readback.test.tsx	fbe8100a853dc5adcfa62e07f3e580bba2a5057eb323e3a85067743598290d02	fixed	已修复并回归：价格写入读回校验、特殊协议名、Token整数精度或鉴权失败重试
frontend/src/features/newapi-management/components/__tests__/comparison-special-models.test.tsx	28466c38796c160b22af5e0c7126d272228b8077288690e1c2f66d40dd729c34	fixed	已修复并回归：价格写入读回校验、特殊协议名、Token整数精度或鉴权失败重试
frontend/src/features/account-workbench/__tests__/oauth-security.test.tsx	5930b198901b068390aded7135fd8dc8016c535036021b84404e1a8823cd4842	reviewed	增量全文复核：授权安全、短信订单核对、检查点恢复与取消生命周期回归
frontend/src/features/account-workbench/__tests__/sms-receipts.test.tsx	9260e7fabb669618501cb19fb8779e4a847d8ab205b48a0d68b7d4ff4545a033	reviewed	增量全文复核：授权安全、短信订单核对、检查点恢复与取消生命周期回归
frontend/src/features/account-workbench/__tests__/oauth-checkpoints.test.tsx	b6b58ac51d184165442ef5e7c518d30753b65cc51cfd0a17447d6842de290542	reviewed	增量全文复核：授权安全、短信订单核对、检查点恢复与取消生命周期回归
frontend/src/features/account-workbench/__tests__/mixed-queue-recovery.test.tsx	0cf60e9e3e41edabc50753f1b1b3c491153ba96b3e7912d7d73a2d401a36c8f3	reviewed	增量全文复核：混合运行输入隔离、范围确认、迟到响应、恢复队列及取消回归
frontend/src/features/account-workbench/__tests__/recovery-lifecycle.test.tsx	da46776754c6435d19ab69ad6da899eb8b6ec0224442be436d3532dcd0c7eca4	reviewed	增量全文复核：安全设置、恢复生命周期、批量队列确认和输入校验
frontend/src/features/account-workbench/__tests__/queue-recovery.test.tsx	63531f2d449da25f04335577127aad91bcedbb54288640cf10c93abc56b8c2a8	reviewed	增量全文复核：安全设置、恢复生命周期、批量队列确认和输入校验
frontend/src/features/account-workbench/lib/sms-inspect-schema.ts	86b0bd83400b3d53c8f9b7bab99a878045de3808335d5552b2e4cec25ac7a350	reviewed	增量全文复核：安全设置、恢复生命周期、批量队列确认和输入校验
frontend/src/features/account-workbench/components/workbench-queue-recovery.tsx	bf2f5a4a2a73e2ac5447ff0927eaaf8271b979aa88065a23be7208a0bba734f2	fixed	已修复并回归：任务完成刷新、独立本地查询状态、特殊状态名、确认目标固定或共享刷新提示
frontend/src/features/account-workbench/components/workbench-oauth-security.tsx	cfc8456beb7870056e20e438b0cbfe50c4a766620744696a7fde32db1c847147	reviewed	增量全文复核：队列恢复、授权安全来源、本地私有产物及混合表单；相关问题已通过独立回归修复
frontend/src/features/account-workbench/components/workbench-oauth-checkpoints.tsx	5a6ff91e262b6e56074d822f128d93ca40268efae4631f8f3f3fdc6c5a2fb083	reviewed	增量全文复核：检查点与授权范围确认、恢复选项、工作台入口及凭据表单清理
frontend/src/features/account-workbench/__tests__/local-export-task-refresh.test.tsx	5877e890865757490203a9c8baf0c3a57d3a54e96cd6d8c5bc65588cf3ba79d1	fixed	已修复并回归：任务完成刷新、独立本地查询状态、特殊状态名、确认目标固定或共享刷新提示
frontend/src/features/account-workbench/__tests__/local-mixed-query-state.test.tsx	5f6329ace656f9d64ecda193dbe227a694198e40b392f975bc3d0fe37824be83	fixed	已修复并回归：任务完成刷新、独立本地查询状态、特殊状态名、确认目标固定或共享刷新提示
frontend/src/features/account-workbench/__tests__/local-export-entry.test.tsx	5dea9953135d0e9556364fe7a7a710ed8a8384f777a9fda7a6320fca1b499412	reviewed	增量全文复核：本地导出、授权检查点安全与接码设置；输入保留在内存并按ID/版本提交
frontend/src/features/account-workbench/__tests__/recovery-status-label.test.tsx	4f8b826607435108d9658ffc4ecfaeb32c74bf9470a9693aa651d0846e09eee8	fixed	已修复并回归：任务完成刷新、独立本地查询状态、特殊状态名、确认目标固定或共享刷新提示
frontend/src/features/account-workbench/__tests__/local-export.test.tsx	0567356e0296964f3cbc2ad101bfe961c47b2b6ed7af651e6111a499f50c585b	reviewed	增量全文复核：本地导出、授权检查点安全与接码设置；输入保留在内存并按ID/版本提交
frontend/src/features/account-workbench/__tests__/checkpoint-security.test.tsx	2c8d34525bd257ea60948f2bdabd0b78180f24b859a42adea3fe528ac178a2ae	reviewed	增量全文复核：检查点安全身份确认、拒绝与迟到授权撤销，3个回归通过；补全任务created_at契约
frontend/src/features/account-workbench/__tests__/maintenance-uploads.test.tsx	5a60c22c40f92dd804366cc42d1e0dfcaa1807213f150cea0ec3cd6071cee422	reviewed	增量全文复核：本地导出、授权检查点安全与接码设置；输入保留在内存并按ID/版本提交
frontend/src/features/account-workbench/__tests__/maintenance-cancel-target.test.tsx	356bc3a39b3118842fb1c8a26e068ecc7bbd7013f668adf8790bd11f6a463132	fixed	已修复并回归：任务完成刷新、独立本地查询状态、特殊状态名、确认目标固定或共享刷新提示
frontend/src/features/account-workbench/components/workbench-checkpoint-security.tsx	bf79a4aca5059d4a5ecf660fea1652e9e40523c4273ddfabfe34ea94f0f7fbd2	reviewed	增量全文复核：本地导出、授权检查点安全与接码设置；输入保留在内存并按ID/版本提交
frontend/src/features/account-workbench/components/workbench-maintenance-uploads.tsx	4234e2c0eb890510a43492343c4238a5aa7ac5960414533e845287a149f42ab5	fixed	已修复并回归：任务完成刷新、独立本地查询状态、特殊状态名、确认目标固定或共享刷新提示
frontend/src/features/account-workbench/components/workbench-oauth-sms-attachment.tsx	a97f5fb4c24fa679c96da489b6a0a5c58a943ceabac0cb5f2260574a91bb3332	reviewed	增量全文复核：本地导出、授权检查点安全与接码设置；输入保留在内存并按ID/版本提交
